Item;SKU;Descrição;Qtd. Itens;Unid Med;Des Categoria;Peso Liquido;Peso Bruto SKU;Altura;Largura;Comprimento;Volume m3;Qtd. CX Altura;Qtd. CX Lastro;Cod. Barras;Clasificação ABC;Caixa
42CAF1002000;42CAF1002000;CAFETEIRA ELETR. 15 XICARAS 220V;1;PC;ELET - COZINHA;1;0,805;0,254;0,153;0,188;0,007306;5;40;7897013587870;B;UNIDADE
42CAF1002000;42CAF1002000;CAFETEIRA ELETR. 15 XICARAS 220V;1;PC;ELET - COZINHA;1;0,805;0,254;0,153;0,188;0,007306;5;40;42CAF1002000;B;UNIDADE
42CAF1002000;42CAF1002000CX;CAFETEIRA ELETR. 15 XICARAS 220V;8;PC;ELET - COZINHA;1;7,6;0,63;0,382;0,267;0,064256;5;5;17897013587877;B;MASTER
42CAF1001000;42CAF1001000;CAFETEIRA ELETR. 15 XICARAS 127V;1;PC;ELET - COZINHA;1;0,805;0,254;0,153;0,188;0,007306;5;40;7897013587863;B;UNIDADE
42CAF1001000;42CAF1001000;CAFETEIRA ELETR. 15 XICARAS 127V;1;PC;ELET - COZINHA;1;0,805;0,254;0,153;0,188;0,007306;5;40;42CAF1001000;B;UNIDADE
42CAF1001000;42CAF1001000CX;CAFETEIRA ELETR. 15 XICARAS 127V;8;PC;ELET - COZINHA;1;7,6;0,63;0,382;0,267;0,064256;5;5;17897013587860;B;MASTER
42ASP1002000;42ASP1002000;ASPIRADORDEPO2EM11200W220V;1;PC;ELET - CASA;0,1;1,8;0,41;0,16;0,16;0,010496;8;12;7897013589690;B;UNIDADE
42ASP1002000;42ASP1002000;ASPIRADORDEPO2EM11200W220V;1;PC;ELET - CASA;0,1;1,8;0,41;0,16;0,16;0,010496;8;12;42ASP1002000;B;UNIDADE
42ASP1002000;42ASP1002000CX;ASPIRADORDEPO2EM11200W220V;4;PC;ELET - CASA;0,1;8;0,34;0,33;0,42;0,047124;4;6;17897013589697;B;MASTER
42AFR1001000;42AFR1001000;FRITADEIRAELETR.SEMOLEO127V;1;PC;AIR FRYER;0,1;4,1;0,355;0,317;0,317;0,035674;4;8;7897013584725;A;UNIDADE
42AFR1001000;42AFR1001000;FRITADEIRAELETR.SEMOLEO127V;1;PC;AIR FRYER;0,1;4,1;0,355;0,317;0,317;0,035674;4;8;42AFR1001000;A;UNIDADE
42AFR1001000;42AFR1001000CX;FRITADEIRAELETR.SEMOLEO127V;2;PC;AIR FRYER;0,1;9;0,375;0,33;0,65;0,080438;4;4;17897013584722;A;MASTER
42AFR1002000;42AFR1002000;FRITADEIRAELETR.SEMOLEO220V;1;PC;AIR FRYER;0,1;4,1;0,355;0,317;0,317;0,035674;4;8;7897013584732;A;UNIDADE
42AFR1002000;42AFR1002000;FRITADEIRAELETR.SEMOLEO220V;1;PC;AIR FRYER;0,1;4,1;0,355;0,317;0,317;0,035674;4;8;42AFR1002000;A;UNIDADE
42AFR1002000;42AFR1002000CX;FRITADEIRAELETR.SEMOLEO220V;2;PC;AIR FRYER;0,1;9;0,375;0,33;0,65;0,080438;4;4;17897013584739;A;MASTER
42ASP1001000;42ASP1001000;ASPIRADORDEPOVERTICAL;1;PC;ELET - CASA;0,1;1,8;0,41;0,16;0,16;0,010496;12;18;7897013589683;A;UNIDADE
42ASP1001000;42ASP1001000;ASPIRADORDEPOVERTICAL;1;PC;ELET - CASA;0,1;1,8;0,41;0,16;0,16;0,010496;12;18;42ASP1001000;A;UNIDADE
42ASP1001000;42ASP1001000CX;ASPIRADORDEPOVERTICAL;4;PC;ELET - CASA;0,1;8;0,34;0,33;0,425;0,047685;4;6;17897013589680;A;MASTER
42CHU1001000;42CHU1001000;CHURRASQUEIRAELETR.1800W127V;1;PC;ELET - COZINHA;0,1;1,65;0,365;0,88;0,505;0,162206;4;20;7897013588303;B;UNIDADE
42CHU1001000;42CHU1001000CX;CHURRASQUEIRAELETR.1800W127V;4;PC;ELET - COZINHA;0,1;8,3;0,385;0,38;0,52;0,076076;4;5;17897013588300;B;MASTER
42CHU1002000;42CHU1002000;CHURRASQUEIRAELETR.2000W220V;1;PC;ELET - COZINHA;0,1;1,65;0,365;0,08;0,505;0,014746;4;16;7897013588907;B;UNIDADE
42CHU1002000;42CHU1002000CX;CHURRASQUEIRAELETR.2000W220V;4;PC;ELET - COZINHA;0,1;8,3;0,385;0,38;0,52;0,076076;4;4;17897013588904;B;MASTER
42FOR0901000;42FOR0901000;FORNOELéTRICO9L840WTIMER30MIN-12;1;PC;ELET - COZINHA;0,1;2,85;0,24;0,29;0,39;0,027144;100;100;7897013500268;B;UNIDADE
42MIX1001000;42MIX1001000;MIXERDEMAO200W127V;1;PC;ELET - COZINHA;0,1;0,5;0,15;0,1;0,15;0,00225;6;56;7897013588914;B;UNIDADE
42MIX1001000;42MIX1001000;MIXERDEMAO200W127V;1;PC;ELET - COZINHA;0,1;0,5;0,15;0,1;0,15;0,00225;6;56;42MIX1001000;B;UNIDADE
42MIX1001000;42MIX1001000CX;MIXERDEMAO200W127V;6;PC;ELET - COZINHA;0,1;3,4;0,216;0,32;0,318;0,02198;6;8;17897013588911;B;MASTER
42MIX1002000;42MIX1002000;MIXERDEMAO200W220V;1;PC;ELET - COZINHA;0,1;0,05;0,09;0,015;0,015;0,00002;6;56;7897013589591;B;UNIDADE
42MIX1002000;42MIX1002000;MIXERDEMAO200W220V;1;PC;ELET - COZINHA;0,1;0,05;0,09;0,015;0,015;0,00002;6;56;42MIX1002000;B;UNIDADE
42MIX1002000;42MIX1002000CX;MIXERDEMAO200W220V;6;PC;ELET - COZINHA;0,1;3,4;0,216;0,32;0,318;0,02198;6;8;17897013589598;B;MASTER
42PPR1001000;42PPR1001000;PANELADEPRESSAOELETR.127V;1;PC;ELET - COZINHA;0,1;4,3;0,335;0,295;0,295;0,029153;4;12;7897013589607;A;UNIDADE
42PPR1001000;42PPR1001000;PANELADEPRESSAOELETR.127V;1;PC;ELET - COZINHA;0,1;4,3;0,335;0,295;0,295;0,029153;4;12;42PPR1001000;A;UNIDADE
42PPR1001000;42PPR1001000CX;PANELADEPRESSAOELETR.127V;2;PC;ELET - COZINHA;0,1;9,23;0,35;0,31;0,605;0,065643;4;6;17897013589604;A;MASTER
42PPR1002000;42PPR1002000;PANELADEPRESSAOELETR.220V;1;PC;ELET - COZINHA;0,1;3,8;0,325;0,295;0,295;0,028283;4;12;7897013589614;B;UNIDADE
42PPR1002000;42PPR1002000;PANELADEPRESSAOELETR.220V;1;PC;ELET - COZINHA;0,1;3,8;0,325;0,295;0,295;0,028283;4;12;42PPR1002000;B;UNIDADE
42PPR1002000;42PPR1002000CX;PANELADEPRESSAOELETR.220V;2;PC;ELET - COZINHA;0,1;9,23;0,34;0,31;0,605;0,063767;4;6;17897013589611;B;MASTER
42AFR1R01000;42AFR1R01000;FRITADEIRA ELETR. SEM OLEO 127V VERMELHA;1;PC;AIR FRYER;0,1;4,1;0,315;0,315;0,355;0,035225;4;8;7908412501401;A;UNIDADE
42AFR1R01000;42AFR1R01000;FRITADEIRA ELETR. SEM OLEO 127V VERMELHA;1;PC;AIR FRYER;0,1;4,1;0,315;0,315;0,355;0,035225;4;8;42AFR1R01000;A;UNIDADE
42AFR1R01000;42AFR1R01000CX;FRITADEIRA ELETR. SEM OLEO 127V VERMELHA;2;PC;AIR FRYER;0,1;9;0,375;0,33;0,65;0,080438;4;4;17908412501408;A;MASTER
42AFR1R02000;42AFR1R02000;FRITADEIRA ELETR. SEM OLEO 220V VERMELHA;1;PC;AIR FRYER;0,1;4,1;0,315;0,315;0,355;0,035225;4;8;7908412501418;B;UNIDADE
42AFR1R02000;42AFR1R02000;FRITADEIRA ELETR. SEM OLEO 220V VERMELHA;1;PC;AIR FRYER;0,1;4,1;0,315;0,315;0,355;0,035225;4;8;42AFR1R02000;B;UNIDADE
42AFR1R02000;42AFR1R02000CX;FRITADEIRA ELETR. SEM OLEO 220V VERMELHA;2;PC;AIR FRYER;0,1;9;0,375;0,33;0,65;0,080438;4;4;17908412501415;B;MASTER
42LIQ1001000;42LIQ1001000;LIQUIDIFICADOR 2 VEL 650W 1,6L - 127V;1;PC;ELET - COZINHA;0,1;1,8;0,383;0,165;0,185;0,011691;3;30;7897013500305;A;UNIDADE
42LIQ1001000;42LIQ1001000CX;LIQUIDIFICADOR 2 VEL 650W 1,6L - 127V;6;PC;ELET - COZINHA;0,1;12;0,4;0,345;0,57;0,07866;3;5;17897013500302;A;MASTER
42PAR1001000;42PAR1001000;PANELA DE ARROZ ELE 5 XIC 1L 400W-127V;1;PC;ELET - COZINHA;0,1;1,6;0,265;0,255;0,255;0,017232;5;16;7908412500954;B;UNIDADE
42PAR1001000;42PAR1001000CX;PANELA DE ARROZ ELE 5 XIC 1L 400W-127V;4;PC;ELET - COZINHA;0,1;8,72;0,28;0,52;0,52;0,075712;5;4;17908412500951;B;MASTER
42BAT2001000;42BAT2001000;BATEDEIRA SILVER BLEND 127V;1;PC;ELET - COZINHA;0,1;2,25;0,225;0,23;0,315;0,016301;6;9;7897013587559;B;UNIDADE
42BAT2001000;42BAT2001000;BATEDEIRA SILVER BLEND 127V;1;PC;ELET - COZINHA;0,1;2,25;0,225;0,23;0,315;0,016301;6;9;42BAT2001000;B;UNIDADE
42BAT2001000;42BAT2001000CX;BATEDEIRA SILVER BLEND 127V;6;PC;ELET - COZINHA;0,1;16,5;0,455;0,324;0,705;0,103931;3;4;17897013587556;B;MASTER
42BAT2002000;42BAT2002000;BATEDEIRA SILVER BLEND 220V;1;PC;ELET - COZINHA;0,1;2,25;0,225;0,23;0,315;0,016301;6;9;7897013587566;B;UNIDADE
42BAT2002000;42BAT2002000;BATEDEIRA SILVER BLEND 220V;1;PC;ELET - COZINHA;0,1;2,25;0,225;0,23;0,315;0,016301;6;9;42BAT2002000;B;UNIDADE
42BAT2002000;42BAT2002000CX;BATEDEIRA SILVER BLEND 220V;6;PC;ELET - COZINHA;0,1;16,5;0,455;0,324;0,705;0,103931;3;4;17897013587563;B;MASTER
42PRANS10000;42PRANS10000;PRANCHA ALISADORA DIG LISS;1;PC;ELET - CUIDADOS PESSOAIS;0,1;0,43;0,001;0,006;0,35;0,000002;100;100;7908412501456;B;UNIDADE
42PRANS10000;42PRANS10000;PRANCHA ALISADORA DIG LISS;1;PC;ELET - CUIDADOS PESSOAIS;0,1;0,43;0,001;0,006;0,35;0,000002;100;100;42PRANS10000;B;UNIDADE
42PRANS10000;42PRANS10000CX;PRANCHA ALISADORA DIG LISS;12;PC;ELET - CUIDADOS PESSOAIS;0,1;6,76;0,33;0,24;0,365;0,028908;4;13;17908412501453;B;MASTER
42PRANB10000;42PRANB10000;PRANCHA ALISADORA MOVE LISS;1;PC;ELET - CUIDADOS PESSOAIS;0,1;0,33;0,5;0,1;0,342;0,0171;12;52;7908412501449;B;UNIDADE
42PRANB10000;42PRANB10000;PRANCHA ALISADORA MOVE LISS;1;PC;ELET - CUIDADOS PESSOAIS;0,1;0,33;0,5;0,1;0,342;0,0171;12;52;42PRANB10000;B;UNIDADE
42PRANB10000;42PRANB10000CX;PRANCHA ALISADORA MOVE LISS;12;PC;ELET - CUIDADOS PESSOAIS;0,1;5,55;0,32;0,22;0,355;0,024992;4;13;42PRANB10000CX;B;MASTER
42PRANB10000;42PRANB10000CX;PRANCHA ALISADORA MOVE LISS;12;PC;ELET - CUIDADOS PESSOAIS;0,1;5,55;0,32;0,22;0,355;0,024992;4;13;17908412501446;B;MASTER
42FVA1002000;42FVA1002000;Ferro a Vapor IRON LIGHT 220V;1;PC;ELET - CASA;0,1;0,8;0,135;0,11;0,275;0,004084;100;100;7908412501838;B;UNIDADE
42FVA1002000;42FVA1002000;Ferro a Vapor IRON LIGHT 220V;1;PC;ELET - CASA;0,1;0,8;0,135;0,11;0,275;0,004084;100;100;42FVA1002000;B;UNIDADE
42FVA1002000;42FVA1002000CX;FERRO A VAPOR IRON LIGHT 220V;10;PC;ELET - CASA;0,1;10,5;0,29;0,28;0,58;0,047096;5;6;17908412501835;B;MASTER
42FVA1001000;42FVA1001000;Ferro a Vapor IRON LIGHT 127V;1;PC;ELET - CASA;0,1;0,8;0,135;0,11;0,275;0,004084;100;100;7908412501821;B;UNIDADE
42FVA1001000;42FVA1001000CX;FERRO A VAPOR IRON LIGHT 127V;10;PC;ELET - CASA;0,1;10,5;0,29;0,28;0,58;0,047096;5;6;17908412501828;B;MASTER
42FVA2001000;42FVA2001000;FERRO A VAPOR IRON GLIDE 127V;1;PC;ELET - CASA;0,1;0,96;0,157;0,125;0,305;0,005986;8;30;7908412501845;B;UNIDADE
42FVA2001000;42FVA2001000CX;FERRO A VAPOR IRON GLIDE 127V;10;PC;ELET - CASA;0,1;11,7;0,33;0,32;0,64;0,067584;4;6;17908412501842;B;MASTER
42FVA2002000;42FVA2002000;FERRO VAPOR IRON GLIDE 220V;1;PC;ELET - CASA;0,1;0,96;0,157;0,125;0,305;0,005986;8;30;7908412501852;B;UNIDADE
42FVA2002000;42FVA2002000;FERRO VAPOR IRON GLIDE 220V;1;PC;ELET - CASA;0,1;0,96;0,157;0,125;0,305;0,005986;8;30;42FVA2002000;B;UNIDADE
42FVA2002000;42FVA2002000CX;FERRO VAPOR IRON GLIDE 220V;10;PC;ELET - CASA;0,1;11,7;0,33;0,32;0,64;0,067584;4;6;17908412501859;B;MASTER
42ESEC100000;42ESEC100000;ESCOVA SECADORA AGILE HAIR 1200W BIVOLT;1;PC;ELET - CUIDADOS PESSOAIS;0,1;0,000001;1;1;1;1;15;20;7908412503771;A;UNIDADE
42ESEC100000;42ESEC100000;ESCOVA SECADORA AGILE HAIR 1200W BIVOLT;1;PC;ELET - CUIDADOS PESSOAIS;0,1;0,000001;1;1;1;1;15;20;42ESEC100000;A;UNIDADE
42ESEC100000;42ESEC100000CX;ESCOVA SECADORA AGILE HAIR 1200W BIVOLT;20;PC;ELET - CUIDADOS PESSOAIS;0,1;13;0,44;0,395;0,475;0,082555;3;6;42ESEC100000CX;A;MASTER
42ESEC100000;42ESEC100000CX;ESCOVA SECADORA AGILE HAIR 1200W BIVOLT;20;PC;ELET - CUIDADOS PESSOAIS;0,1;13;0,44;0,395;0,475;0,082555;3;6;17908412503778;A;MASTER
42MCC1002000;42MCC1002000;Maquina de cortar cabelo - 220V;1;PC;ELET - CUIDADOS PESSOAIS;0,1;0,45;0,223;0,55;0,15;0,018398;9;64;7908412501432;B;UNIDADE
42MCC1002000;42MCC1002000CX;MAQUINA DE CORTAR CABELO - 220V;24;PC;ELET - CUIDADOS PESSOAIS;0,1;13,3;0,46;0,265;0,46;0,056074;3;9;17908412501439;B;MASTER
42MCC1001000;42MCC1001000;Maquina de cortar cabelo - 127V;1;PC;ELET - CUIDADOS PESSOAIS;0,1;0,45;0,223;0,55;0,15;0,018398;9;64;7908412501425;B;UNIDADE
42MCC1001000;42MCC1001000CX;MAQUINA DE CORTAR CABELO - 127V;24;PC;ELET - CUIDADOS PESSOAIS;0,1;13,3;0,46;0,265;0,46;0,056074;3;8;17908412501422;B;MASTER
42FVA3001000;42FVA3001000;FERRO VAPOR IRON STEAM PRO 127V;1;PC;ELET - CASA;0,1;1,12;0,173;0,132;0,305;0,006965;8;30;7908412501869;B;UNIDADE
42FVA3001000;42FVA3001000;FERRO VAPOR IRON STEAM PRO 127V;1;PC;ELET - CASA;0,1;1,12;0,173;0,132;0,305;0,006965;8;30;42FVA3001000;B;UNIDADE
42FVA3001000;42FVA3001000CX;FERRO VAPOR IRON STEAM PRO 127V;10;PC;ELET - CASA;0,1;13,7;0,36;0,325;0,675;0,078975;4;6;17908412501866;B;MASTER
42FVA3002000;42FVA3002000;FERRO VAPOR IRON STEAM PRO 220V;1;PC;ELET - CASA;0,1;1,12;0,173;0,132;0,315;0,007193;8;30;7908412501876;C;UNIDADE
42FVA3002000;42FVA3002000;FERRO VAPOR IRON STEAM PRO 220V;1;PC;ELET - CASA;0,1;1,12;0,173;0,132;0,315;0,007193;8;30;42FVA3002000;C;UNIDADE
42FVA3002000;42FVA3002000CX;FERRO VAPOR IRON STEAM PRO 220V;10;PC;ELET - CASA;0,1;13,7;0,36;0,325;0,675;0,078975;4;6;17908412501873;C;MASTER
42SECS101000;42SECS101000;SECADOR DE CABELO SUPER ION PRO 127V;1;PC;ELET - CUIDADOS PESSOAIS;0,1;0,7;0,24;0,1;0,294;0,007056;4;36;7908412501500;B;UNIDADE
42SECS101000;42SECS101000;SECADOR DE CABELO SUPER ION PRO 127V;1;PC;ELET - CUIDADOS PESSOAIS;0,1;0,7;0,24;0,1;0,294;0,007056;4;36;42SECS101000;B;UNIDADE
42SECS101000;42SECS101000CX;SECADOR DE CABELO SUPER ION PRO 127V;6;PC;ELET - CUIDADOS PESSOAIS;0,1;7,06;0,255;0,315;0,605;0,048597;5;6;17908412501507;B;MASTER
42SECS102000;42SECS102000;SECADOR DE CABELO SUPER ION PRO 220V;1;PC;ELET - CUIDADOS PESSOAIS;0,1;0,7;0,24;0,1;0,294;0,007056;4;36;7908412501517;B;UNIDADE
42SECS102000;42SECS102000CX;SECADOR DE CABELO SUPER ION PRO 220V;6;PC;ELET - CUIDADOS PESSOAIS;0,1;7,06;0,255;0,315;0,605;0,048597;5;5;17908412501514;B;MASTER
42SAN1001000;42SAN1001000;SANDUICHEIRA SNACK TIME 127V;1;PC;ELETROPORTATEIS;0,1;1,05;0,221;0,98;0,236;0,051113;6;40;7897013589621;A;UNIDADE
42SAN1001000;42SAN1001000;SANDUICHEIRA SNACK TIME 127V;1;PC;ELETROPORTATEIS;0,1;1,05;0,221;0,98;0,236;0,051113;6;40;42SAN1001000;A;UNIDADE
42SAN1001000;42SAN1001000CX;SANDUICHEIRA SNACK TIME 127V;10;PC;ELETROPORTATEIS;0,1;8,5;0,465;0,245;0,383;0,043633;3;8;42SAN1001000CX;A;MASTER
42SAN1001000;42SAN1001000CX;SANDUICHEIRA SNACK TIME 127V;10;PC;ELETROPORTATEIS;0,1;8,5;0,465;0,245;0,383;0,043633;3;8;17897013589628;A;MASTER
42SAN1001000;42SAN1001000CXMASTER;SANDUICHEIRA SNACK TIME 127V;8;PC;ELETROPORTATEIS;0,1;8,5;0,46;0,26;0,38;0,045448;100;100;27897013589625;A;MASTER
42CHA1001000;42CHA1001000;CHALEIRA CHA1001 INOX 1,8L 127V;1;PC;ELET - COZINHA;0,1;0,71;0,23;0,165;0,202;0,007666;6;30;7897013587894;A;UNIDADE
42CHA1001000;42CHA1001000;CHALEIRA CHA1001 INOX 1,8L 127V;1;PC;ELET - COZINHA;0,1;0,71;0,23;0,165;0,202;0,007666;6;30;42CHA1001000;A;UNIDADE
42CHA1001000;42CHA1001000CX;CHALEIRA CHA1001 INOX 1,8L 127V;12;PC;ELET - COZINHA;0,1;11;0,475;0,34;0,625;0,100938;3;5;42CHA1001000CX;A;MASTER
42CHA1001000;42CHA1001000CX;CHALEIRA CHA1001 INOX 1,8L 127V;12;PC;ELET - COZINHA;0,1;11;0,475;0,34;0,625;0,100938;3;5;17897013587891;A;MASTER
42CHA1R02000;42CHA1R02000;CHALEIRA CHA1R02 VERM DE 1,8L 220V;1;PC;ELET - COZINHA;0,1;0,71;0,23;0,205;0,163;0,007685;6;30;7908412502262;B;UNIDADE
42CHA1R02000;42CHA1R02000;CHALEIRA CHA1R02 VERM DE 1,8L 220V;1;PC;ELET - COZINHA;0,1;0,71;0,23;0,205;0,163;0,007685;6;30;42CHA1R02000;B;UNIDADE
42CHA1R02000;42CHA1R02000CX;CHALEIRA CHA1R02 VERM DE 1,8L 220V;12;PC;ELET - COZINHA;0,1;11;0,482;0,35;0,626;0,105606;3;4;42CHA1R02000CX;B;MASTER
42CHA1R02000;42CHA1R02000CX;CHALEIRA CHA1R02 VERM DE 1,8L 220V;12;PC;ELET - COZINHA;0,1;11;0,482;0,35;0,626;0,105606;3;4;17908412502269;B;MASTER
42CHA1R01000;42CHA1R01000;CHALEIRA CHA1R01 VERM 1,8L 127V;1;PC;ELET - COZINHA;0,1;0,71;0,23;0,205;0,163;0,007685;24;24;7908412502255;B;UNIDADE
42CHA1R01000;42CHA1R01000;CHALEIRA CHA1R01 VERM 1,8L 127V;1;PC;ELET - COZINHA;0,1;0,71;0,23;0,205;0,163;0,007685;24;24;42CHA1R01000;B;UNIDADE
42CHA1R01000;42CHA1R01000CX;CHALEIRA CHA1R01 VERM 1,8L 127V;12;PC;ELET - COZINHA;0,1;11;0,482;0,35;0,626;0,105606;4;5;42CHA1R01000CX;B;MASTER
42CHA1R01000;42CHA1R01000CX;CHALEIRA CHA1R01 VERM 1,8L 127V;12;PC;ELET - COZINHA;0,1;11;0,482;0,35;0,626;0,105606;4;5;17908412502252;B;MASTER
42CHA1002000;42CHA1002000;CHALEIRA CHA1002 INOX 1,8L 220V;1;PC;ELET - COZINHA;0,1;0,71;0,23;0,165;0,202;0,007666;6;30;7897013588259;B;UNIDADE
42CHA1002000;42CHA1002000;CHALEIRA CHA1002 INOX 1,8L 220V;1;PC;ELET - COZINHA;0,1;0,71;0,23;0,165;0,202;0,007666;6;30;42CHA1002000;B;UNIDADE
42CHA1002000;42CHA1002000CX;CHALEIRA CHA1002 INOX 1,8L 220V;12;PC;ELET - COZINHA;0,1;11;0,475;0,34;0,625;0,100938;3;6;42CHA1002000CX;B;MASTER
42CHA1002000;42CHA1002000CX;CHALEIRA CHA1002 INOX 1,8L 220V;12;PC;ELET - COZINHA;0,1;11;0,475;0,34;0,625;0,100938;3;6;17897013588256;B;MASTER
42MIX2002000;42MIX2002000;MIXER TURBO CHEF 3 EM 1 - 220V;1;PC;ELET - COZINHA;0,1;1,2;0,223;0,115;0,2;0,005129;6;36;7908412505645;B;UNIDADE
42MIX2002000;42MIX2002000;MIXER TURBO CHEF 3 EM 1 - 220V;1;PC;ELET - COZINHA;0,1;1,2;0,223;0,115;0,2;0,005129;6;36;42MIX2002000;B;UNIDADE
42MIX2002000;42MIX2002000CX;MIXER TURBO CHEF 3 EM 1 - 220V;6;PC;ELET - COZINHA;0,1;6,15;0,369;0,216;0,462;0,036823;3;12;42MIX2002000CX;B;MASTER
42MIX2002000;42MIX2002000CX;MIXER TURBO CHEF 3 EM 1 - 220V;6;PC;ELET - COZINHA;0,1;6,15;0,369;0,216;0,462;0,036823;3;12;27908412505649;B;MASTER
42MIX2001000;42MIX2001000;MIXER TURBO CHEF 3 EM 1 - 127V;1;PC;ELET - COZINHA;0,1;1,2;0,223;0,115;0,2;0,005129;6;36;7908412505638;A;UNIDADE
42MIX2001000;42MIX2001000;MIXER TURBO CHEF 3 EM 1 - 127V;1;PC;ELET - COZINHA;0,1;1,2;0,223;0,115;0,2;0,005129;6;36;42MIX2001000;A;UNIDADE
42MIX2001000;42MIX2001000CX;MIXER TURBO CHEF 3 EM 1 - 127V;6;PC;ELET - COZINHA;0,1;6,15;0,369;0,216;0,462;0,036823;100;100;27908412505632;A;MASTER
42ASP2001000;42ASP2001000;ASP PERFECT CLEAN 2 2EM1 1200W 127V;1;PC;ELET - CASA;0,1;1,8;0,12;0,154;0,63;0,011642;8;12;7908412507359;B;UNIDADE
42ASP2001000;42ASP2001000;ASP PERFECT CLEAN 2 2EM1 1200W 127V;1;PC;ELET - CASA;0,1;1,8;0,12;0,154;0,63;0,011642;8;12;42ASP2001000;B;UNIDADE
42ASP2001000;42ASP2001000CX;ASP PERFECT CLEAN 2 2EM1 1200W 127V;6;PC;ELET - CASA;0,1;11,8;0,325;0,375;0,64;0,078;4;4;42ASP2001000CX;B;MASTER
42ASP2001000;42ASP2001000CX;ASP PERFECT CLEAN 2 2EM1 1200W 127V;6;PC;ELET - CASA;0,1;11,8;0,325;0,375;0,64;0,078;4;4;17908412507356;B;MASTER
42ASP2002000;42ASP2002000;ASP PERFECT CLEAN 2 2EM1 1200W 220V;1;PC;ELET - CASA;0,1;1,8;0,12;0,154;0,63;0,011642;8;12;7908412507373;C;UNIDADE
42ASP2002000;42ASP2002000;ASP PERFECT CLEAN 2 2EM1 1200W 220V;1;PC;ELET - CASA;0,1;1,8;0,12;0,154;0,63;0,011642;8;12;42ASP2002000;C;UNIDADE
42ASP2002000;42ASP2002000CX;ASP PERFECT CLEAN 2 2EM1 1200W 220V;6;PC;ELET - CASA;0,1;11,8;0,325;0,375;0,64;0,078;4;4;42ASP2002000CX;C;MASTER
42ASP2002000;42ASP2002000CX;ASP PERFECT CLEAN 2 2EM1 1200W 220V;6;PC;ELET - CASA;0,1;11,8;0,325;0,375;0,64;0,078;4;4;17908412507370;C;MASTER
42AFR2R02000;42AFR2R02000;CUISINE FRY GOURMET 5.5L VERMELHA 220V;1;PC;AIR FRYER;0,1;5,6;0,375;0,374;0,375;0,052594;4;8;7908412507014;C;UNIDADE
42AFR2R02000;42AFR2R02000CX;CUISINE FRY GOURMET 5.5L VERMELHA 220V;2;PC;AIR FRYER;0,1;12,8;0,395;0,385;0,76;0,115577;4;4;17908412507011;C;MASTER
42AFR3001000;42AFR3001000;AIRFRYER 5L SEM OLEO PRETA 127V;1;PC;AIR FRYER;0,0001;4,4;0,36;0,335;0,335;0,040401;4;8;7908412506949;A;UNIDADE
42AFR3001000;42AFR3001000;AIRFRYER 5L SEM OLEO PRETA 127V;1;PC;AIR FRYER;0,0001;4,4;0,36;0,335;0,335;0,040401;4;8;42AFR3001000;A;UNIDADE
42AFR3001000;42AFR3001000 CX2;AIRFRYER 5L SEM OLEO PRETA 127V;2;PC;AIR FRYER;0,0001;9,5;0,38;0,345;0,69;0,090459;4;4;17908412506946;A;MASTER
42AFR4001000;42AFR4001000;AIRFRYER AFR4001 4L PRETA 127V;1;PC;AIR FRYER;0,0001;4,4;0,36;0,335;0,335;0,040401;4;8;7908412510434;A;UNIDADE
42AFR4001000;42AFR4001000;AIRFRYER AFR4001 4L PRETA 127V;1;PC;AIR FRYER;0,0001;4,4;0,36;0,335;0,335;0,040401;4;8;42AFR4001000;A;UNIDADE
42AFR4001000;42AFR4001000CX;AIRFRYER AFR4001 4L PRETA 127V;2;PC;AIR FRYER;0,0001;9,6;0,36;0,32;0,63;0,072576;4;4;42AFR4001000CX;A;MASTER
42AFR4001000;42AFR4001000CX;AIRFRYER AFR4001 4L PRETA 127V;2;PC;AIR FRYER;0,0001;9,6;0,36;0,32;0,63;0,072576;4;4;17908412510431;A;MASTER
42AFR4002000;42AFR4002000;AIRFRYER AFR4001 4L PRETA 220V;1;PC;AIR FRYER;0,0001;4,3;0,345;0,32;0,32;0,035328;4;8;7908412510441;A;UNIDADE
42AFR4002000;42AFR4002000;AIRFRYER AFR4001 4L PRETA 220V;1;PC;AIR FRYER;0,0001;4,3;0,345;0,32;0,32;0,035328;4;8;42AFR4002000;A;UNIDADE
42AFR4002000;42AFR4002000CX;AIRFRYER AFR4001 4L PRETA 220V;2;PC;AIR FRYER;0,0001;9,6;0,36;0,32;0,63;0,072576;4;4;42AFR4002000CX;A;MASTER
42AFR4002000;42AFR4002000CX;AIRFRYER AFR4001 4L PRETA 220V;2;PC;AIR FRYER;0,0001;9,6;0,36;0,32;0,63;0,072576;4;4;17908412510448;A;MASTER
42AFR4R02000;42AFR4R02000;AIRFRYER AFR4R02 4L VERM 220V;1;PC;AIR FRYER;0,1;4,3;0,345;0,32;0,32;0,035328;4;8;7908412513923;A;UNIDADE
42AFR4R02000;42AFR4R02000;AIRFRYER AFR4R02 4L VERM 220V;1;PC;AIR FRYER;0,1;4,3;0,345;0,32;0,32;0,035328;4;8;42AFR4R02000;A;UNIDADE
42AFR4R02000;42AFR4R02000CX;AIRFRYER AFR4R02 4L VERM 220V;2;PC;AIR FRYER;0,1;9,5;0,36;0,32;0,63;0,072576;4;4;17908412513920;A;MASTER
42AFR4R01000;42AFR4R01000;AIRFRYER AFR4R01 4L VERM 127V;1;PC;AIR FRYER;0,1;4,3;0,345;0,32;0,32;0,035328;4;8;7908412513916;A;UNIDADE
42AFR4R01000;42AFR4R01000;AIRFRYER AFR4R01 4L VERM 127V;1;PC;AIR FRYER;0,1;4,3;0,345;0,32;0,32;0,035328;4;8;42AFR4R01000;A;UNIDADE
42AFR4R01000;42AFR4R01000CX;AIRFRYER AFR4R01 4L VERM 127V;2;PC;AIR FRYER;0,1;9,5;0,36;0,32;0,63;0,072576;4;4;17908412513913;A;MASTER
42FSE2001000;42FSE2001000;FERRO SECO IRON FORCE II 127V;1;PC;ELET - CASA;0,1;0,6;0,12;0,1;0,24;0,00288;12;30;7908412510755;A;UNIDADE
42FSE2001000;42FSE2001000;FERRO SECO IRON FORCE II 127V;1;PC;ELET - CASA;0,1;0,6;0,12;0,1;0,24;0,00288;12;30;42FSE2001000;A;UNIDADE
42FSE2001000;42FSE2001000CX;FERRO SECO IRON FORCE II 127V;10;PC;ELET - CASA;0,1;6,5;0,54;0,253;0,245;0,033472;6;6;42FSE2001000CX;A;MASTER
42FSE2001000;42FSE2001000CX;FERRO SECO IRON FORCE II 127V;10;PC;ELET - CASA;0,1;6,5;0,54;0,253;0,245;0,033472;6;6;17908412510752;A;MASTER
42FSE2002000;42FSE2002000;FERRO SECO IRON FORCE II 220V;1;PC;ELET - CASA;0,1;0,6;0,12;0,1;0,24;0,00288;10;60;7908412510762;A;UNIDADE
42FSE2002000;42FSE2002000;FERRO SECO IRON FORCE II 220V;1;PC;ELET - CASA;0,1;0,6;0,12;0,1;0,24;0,00288;10;60;42FSE2002000;A;UNIDADE
42FSE2002000;42FSE2002000CX;FERRO SECO IRON FORCE II 220V;10;PC;ELET - CASA;0,1;6,5;0,54;0,253;0,245;0,033472;5;6;17908412510769;A;MASTER
42CHU2002000;42CHU2002000;CHURRASQUEIRA ELETR II 2000W 220V;1;PC;ELET - COZINHA;0,1;1,9;0,347;0,07;0,49;0,011902;4;24;7908412516122;A;UNIDADE
42CHU2002000;42CHU2002000;CHURRASQUEIRA ELETR II 2000W 220V;1;PC;ELET - COZINHA;0,1;1,9;0,347;0,07;0,49;0,011902;4;24;42CHU2002000;A;UNIDADE
42CHU2002000;42CHU2002000CX;CHURRASQUEIRA ELETR II 2000W 220V;6;PC;ELET - COZINHA;0,1;12,4;0,365;0,465;0,505;0,085711;4;4;17908412516129;A;MASTER
42CHU2001000;42CHU2001000;CHURRASQUEIRA ELETR II 1800W 127V;1;PC;ELET - COZINHA;0,1;1,9;0,347;0,073;0,49;0,012412;4;24;7908412516115;A;UNIDADE
42CHU2001000;42CHU2001000;CHURRASQUEIRA ELETR II 1800W 127V;1;PC;ELET - COZINHA;0,1;1,9;0,347;0,073;0,49;0,012412;4;24;42CHU2001000;A;UNIDADE
42CHU2001000;42CHU2001000CX;CHURRASQUEIRA ELETR II 1800W 127V;6;PC;ELET - COZINHA;0,1;12,4;0,365;0,465;0,505;0,085711;4;4;17908412516112;A;MASTER
42MCC2001000;42MCC2001000;CORTADOR DE CABELO STUDIO PRO II 127V;1;PC;ELET - CUIDADOS PESSOAIS;0,1;0,45;0,18;0,055;0,24;0,002376;6;64;7908412511516;A;UNIDADE
42MCC2001000;42MCC2001000;CORTADOR DE CABELO STUDIO PRO II 127V;1;PC;ELET - CUIDADOS PESSOAIS;0,1;0,45;0,18;0,055;0,24;0,002376;6;64;42MCC2001000;A;UNIDADE
42MCC2001000;42MCC2001000CX;CORTADOR DE CABELO STUDIO PRO II 127V;24;PC;ELET - CUIDADOS PESSOAIS;0,1;13,3;0,56;0,26;0,485;0,070616;2;8;17908412511513;A;MASTER
42MCC2002000;42MCC2002000;CORTADOR DE CABELO STUDIO PRO II 220V;1;PC;ELET - CUIDADOS PESSOAIS;0,1;0,000001;1;1;1;1;6;64;7908412511523;A;UNIDADE
42MCC2002000;42MCC2002000;CORTADOR DE CABELO STUDIO PRO II 220V;1;PC;ELET - CUIDADOS PESSOAIS;0,1;0,000001;1;1;1;1;6;64;42MCC2002000;A;UNIDADE
42MCC2002000;42MCC2002000CX;CORTADOR DE CABELO STUDIO PRO II 220V;24;PC;ELET - CUIDADOS PESSOAIS;0,1;24;0,555;0,255;0,49;0,069347;2;8;17908412511520;A;MASTER
42AFO1002000;42AFO1002000;FRITADEIRA A AR E FORNO PT 220V;1;PC;AIR FRYER;0,1;7,4;0,42;0,347;0,39;0,056839;4;6;7908412500824;A;UNIDADE
42AFO1002000;42AFO1002000;FRITADEIRA A AR E FORNO PT 220V;1;PC;AIR FRYER;0,1;7,4;0,42;0,347;0,39;0,056839;4;6;42AFO1002000;A;UNIDADE
42AFO1001000;42AFO1001000;FRITADEIRA A AR E FORNO PT 127V;1;PC;AIR FRYER;0,1;7,4;0,42;0,347;0,39;0,056839;4;6;7908412500817;A;UNIDADE
42AFO1001000;42AFO1001000;FRITADEIRA A AR E FORNO PT 127V;1;PC;AIR FRYER;0,1;7,4;0,42;0,347;0,39;0,056839;4;6;42AFO1001000;A;UNIDADE
42STM1001000;42STM1001000;Vaporizador Vertical com suporte 127V;1;PC;ELET - CASA;0,1;3,25;0,335;0,275;0,38;0,035008;4;28;7908412500831;A;UNIDADE
42STM1001000;42STM1001000;Vaporizador Vertical com suporte 127V;1;PC;ELET - CASA;0,1;3,25;0,335;0,275;0,38;0,035008;4;28;42STM1001000;A;UNIDADE
42STM1002000;42STM1002000;Vaporizador Vertical com suporte 220V;1;PC;ELET - CASA;0,1;3,25;0,335;0,275;0,38;0,035008;4;28;7908412500848;A;UNIDADE
42STM1002000;42STM1002000;Vaporizador Vertical com suporte 220V;1;PC;ELET - CASA;0,1;3,25;0,335;0,275;0,38;0,035008;4;28;42STM1002000;A;UNIDADE
42PAR2001000;42PAR2001000;P. ARROZ ELETRICA 5 XICS 1L 127V;1;PC;ELET - COZINHA;0,1;1,4;0,25;0,236;0,24;0,01416;6;20;7908412546334;A;UNIDADE
42PAR2001000;42PAR2001000;P. ARROZ ELETRICA 5 XICS 1L 127V;1;PC;ELET - COZINHA;0,1;1,4;0,25;0,236;0,24;0,01416;6;20;42PAR2001000;A;UNIDADE
42PAR2001000;42PAR2001000CX;P. ARROZ ELETRICA 5 XICS 1L 127V;8;PC;ELET - COZINHA;0,1;15,24;0,518;0,25;0,97;0,125615;3;5;17908412546331;A;MASTER
42PAR2002000;42PAR2002000;P. ARROZ ELETRICA 5 XICS 1L 220V;1;PC;ELET - COZINHA;0,1;1,4;0,25;0,236;0,24;0,01416;6;20;7908412546617;A;UNIDADE
42PAR2002000;42PAR2002000;P. ARROZ ELETRICA 5 XICS 1L 220V;1;PC;ELET - COZINHA;0,1;1,4;0,25;0,236;0,24;0,01416;6;20;42PAR2002000;A;UNIDADE
42PAR2002000;42PAR2002000CX;P. ARROZ ELETRICA 5 XICS 1L 220V;8;PC;ELET - COZINHA;0,1;15,24;0,518;0,25;0,97;0,125615;3;5;17908412546614;A;MASTER
42FOG1001000;42FOG1001000;Fogo eletrico 2 BOCAS 2000W 127V;1;PC;ELET - COZINHA;0,1;2,4;0,442;0,255;0,75;0,084533;3;48;7908412500886;A;UNIDADE
42FOG1001000;42FOG1001000;Fogo eletrico 2 BOCAS 2000W 127V;1;PC;ELET - COZINHA;0,1;2,4;0,442;0,255;0,75;0,084533;3;48;42FOG1001000;A;UNIDADE
42FOG1001000;42FOG1001000CX;FOGO ELETRICO 2 BOCAS 2000W 127V;6;PC;ELET - COZINHA;0,1;14,5;0,468;0,265;0,475;0,05891;3;8;17908412500883;A;MASTER
42FOG1002000;42FOG1002000;Fogo eletrico 2 BOCAS 2000W 220V;1;PC;ELET - COZINHA;0,1;2,4;0,442;0,0255;0,075;0,000845;3;48;7908412500909;A;UNIDADE
42FOG1002000;42FOG1002000;Fogo eletrico 2 BOCAS 2000W 220V;1;PC;ELET - COZINHA;0,1;2,4;0,442;0,0255;0,075;0,000845;3;48;42FOG1002000;A;UNIDADE
42FOG1002000;42FOG1002000CX;FOGO ELETRICO 2 BOCAS 2000W 220V;6;PC;ELET - COZINHA;0,1;14,5;0,468;0,265;0,475;0,05891;3;8;17908412500906;A;MASTER
42FOG2001000;42FOG2001000;Fogo eletrico 1 BOCA 1000W 127V;6;PC;ELET - COZINHA;0,1;8;0,25;0,74;0,23;0,04255;5;8;17908412544894;A;MASTER
42FOG2001000;42FOG2001000UN;FOGO ELETRICO 1 BOCA 1000W 127V;1;PC;ELET - COZINHA;0,1;1,5;0,23;0,22;0,15;0,00759;5;48;7908412544897;A;UNIDADE
42FOG2001000;42FOG2001000UN;FOGO ELETRICO 1 BOCA 1000W 127V;1;PC;ELET - COZINHA;0,1;1,5;0,23;0,22;0,15;0,00759;5;48;42FOG2001000;A;UNIDADE
42FOG2002000;42FOG2002000;Fogo eletrico 1 BOCA 1000W 220V;1;PC;ELET - COZINHA;0,1;1,3;0,26;0,075;0,23;0,004485;5;48;7908412544903;A;UNIDADE
42FOG2002000;42FOG2002000;Fogo eletrico 1 BOCA 1000W 220V;1;PC;ELET - COZINHA;0,1;1,3;0,26;0,075;0,23;0,004485;5;48;42FOG2002000;A;UNIDADE
42FOG2002000;42FOG2002000CX;FOGO ELETRICO 1 BOCA 1000W 220V;6;PC;ELET - COZINHA;0,1;8;0,28;0,25;0,47;0,0329;5;8;17908412544900;A;MASTER
42PAR3002000;42PAR3002000;P. ARROZ ELETRICA 10 XICS 18L 220V;1;PC;ELET - COZINHA;0,1;2,7;0,28;0,28;0,28;0,021952;2;12;7908412551901;A;UNIDADE
42PAR3002000;42PAR3002000;P. ARROZ ELETRICA 10 XICS 18L 220V;1;PC;ELET - COZINHA;0,1;2,7;0,28;0,28;0,28;0,021952;2;12;42PAR3002000;A;UNIDADE
42PAR3002000;42PAR3002000 MASTER;P. ARROZ ELETRICA 10 XICS 18L 220V;6;PC;ELET - COZINHA;0,1;5,5;0,57;0,29;0,86;0,142158;2;4;42PAR3002000CX;A;MASTER
42PAR3002000;42PAR3002000 MASTER;P. ARROZ ELETRICA 10 XICS 18L 220V;6;PC;ELET - COZINHA;0,1;5,5;0,57;0,29;0,86;0,142158;2;4;17908412551908;A;MASTER
42PAR3001000;42PAR3001000;P. ARROZ ELETRICA 10 XICS 18L 127V;1;PC;ELET - COZINHA;0,1;2,7;0,28;0,28;0,28;0,021952;4;12;7908412551888;A;UNIDADE
42PAR3001000;42PAR3001000;P. ARROZ ELETRICA 10 XICS 18L 127V;1;PC;ELET - COZINHA;0,1;2,7;0,28;0,28;0,28;0,021952;4;12;42PAR3001000;A;UNIDADE
42PAR3001000;42PAR3001000 MASTER;P. ARROZ ELETRICA 10 XICS 18L 127V;6;PC;ELET - COZINHA;0,1;5,5;0,57;0,29;0,86;0,142158;2;4;17908412551885;A;MASTER
42CHA2002000;42CHA2002000;CHALEIRA ELET. C VISOR 1,7L 220V;1;PC;ELET - COZINHA;0,1;0,85;0,2;0,165;0,2;0,0066;6;36;7908412552106;A;UNIDADE
42CHA2002000;42CHA2002000;CHALEIRA ELET. C VISOR 1,7L 220V;1;PC;ELET - COZINHA;0,1;0,85;0,2;0,165;0,2;0,0066;6;36;42CHA2002000;A;UNIDADE
42CHA2002000;42CHA2002000 MASTER;CHALEIRA ELET. C VISOR 1,7L 220V;12;PC;ELET - COZINHA;0,1;10,23;0,425;0,415;0,515;0,090833;3;6;17908412552103;A;MASTER
42CHA2001000;42CHA2001000;CHALEIRA ELET. C VISOR 1,7L 127V;1;PC;ELET - COZINHA;0,1;0,85;0,2;0,165;0,2;0,0066;6;24;7908412552090;A;UNIDADE
42CHA2001000;42CHA2001000;CHALEIRA ELET. C VISOR 1,7L 127V;1;PC;ELET - COZINHA;0,1;0,85;0,2;0,165;0,2;0,0066;6;24;42CHA2001000;A;UNIDADE
42CHA2001000;42CHA2001000 MASTER;CHALEIRA ELET. C VISOR 1,7L 127V;12;PC;ELET - COZINHA;0,1;10,23;0,425;0,415;0,515;0,090833;3;4;42CHA2001000CX;A;MASTER
42CHA2001000;42CHA2001000 MASTER;CHALEIRA ELET. C VISOR 1,7L 127V;12;PC;ELET - COZINHA;0,1;10,23;0,425;0,415;0,515;0,090833;3;4;17908412552097;A;MASTER
42SAN2002000;42SAN2002000;SANDUICHEIRA GRILL 800W 220V;1;PC;ELET - COZINHA;0,1;1,05;0,24;0,24;0,1;0,00576;6;40;7908412544996;A;UNIDADE
42SAN2002000;42SAN2002000;SANDUICHEIRA GRILL 800W 220V;1;PC;ELET - COZINHA;0,1;1,05;0,24;0,24;0,1;0,00576;6;40;42SAN2002000;A;UNIDADE
42SAN2002000;42SAN2002000 MASTER;SANDUICHEIRA GRILL 800W 220V;10;PC;ELET - COZINHA;0,1;10,9;0,495;0,495;0,255;0,062481;3;8;42SAN2002000CX;A;MASTER
42SAN2002000;42SAN2002000 MASTER;SANDUICHEIRA GRILL 800W 220V;10;PC;ELET - COZINHA;0,1;10,9;0,495;0,495;0,255;0,062481;3;8;17908412544993;A;MASTER
42SAN2001000;42SAN2001000;SANDUICHEIRA GRILL 800W 127V;1;PC;ELET - COZINHA;0,1;1,05;0,1;0,1;0,1;0,001;6;40;7908412544934;A;UNIDADE
42SAN2001000;42SAN2001000;SANDUICHEIRA GRILL 800W 127V;1;PC;ELET - COZINHA;0,1;1,05;0,1;0,1;0,1;0,001;6;40;42SAN2001000;A;UNIDADE
42SAN2001000;42SAN2001000 MASTER;SANDUICHEIRA GRILL 800W 127V;10;PC;ELET - COZINHA;0,1;10,9;0,5;0,25;0,515;0,064375;3;8;42SAN2001000CX;A;MASTER
42SAN2001000;42SAN2001000 MASTER;SANDUICHEIRA GRILL 800W 127V;10;PC;ELET - COZINHA;0,1;10,9;0,5;0,25;0,515;0,064375;3;8;17908412544931;A;MASTER
42MIX3R01000;42MIX3R01000;MIXER 3 EM 1 VM - 127V;1;PC;ELET - COZINHA;0,1;1,5;0,235;0,12;0,217;0,006119;4;16;7908412551925;B;UNIDADE
42MIX3R01000;42MIX3R01000;MIXER 3 EM 1 VM - 127V;1;PC;ELET - COZINHA;0,1;1,5;0,235;0,12;0,217;0,006119;4;16;42MIX3R01000;B;UNIDADE
42MIX3R01000;42MIX3R01000 MASTER;MIXER 3 EM 1 VM - 127V;8;PC;ELET - COZINHA;0,1;13;0,253;0,447;0,497;0,056206;5;4;17908412551922;B;MASTER
42MIX3R02000;42MIX3R02000;MIXER 3 EM 1 VM - 220V;1;PC;ELET - COZINHA;0,1;1,5;0,235;0,12;0,217;0,006119;4;16;7908412551932;B;UNIDADE
42MIX3R02000;42MIX3R02000;MIXER 3 EM 1 VM - 220V;1;PC;ELET - COZINHA;0,1;1,5;0,235;0,12;0,217;0,006119;4;16;42MIX3R02000;B;UNIDADE
42MIX3R02000;42MIX3R02000MASTER;MIXER 3 EM 1 VM - 220V;8;PC;ELET - COZINHA;0,1;13;0,253;0,447;0,497;0,056206;5;4;17908412551939;B;MASTER
42MFP1002000;42MFP1002000;MINI PROCESSADOR ALIM 220V;1;PC;ELETROPORTATEIS;0,1;1,1;0,15;0,125;0,206;0,003863;8;36;7908412552212;B;UNIDADE
42MFP1002000;42MFP1002000 MASTER;MINI PROCESSADOR ALIM 220V;12;PC;ELETROPORTATEIS;0,1;14,2;0,32;0,385;0,425;0,05236;4;6;17908412552219;B;MASTER
42AFR5001000;42AFR5001000;FRITADEIRA A AR AFR5001 3,5L PT 127V;1;PC;AIR FRYER;0,1;3,7;0,318;0,3;0,34;0,032436;4;12;7908412514500;B;UNIDADE
42AFR5001000;42AFR5001000;FRITADEIRA A AR AFR5001 3,5L PT 127V;1;PC;AIR FRYER;0,1;3,7;0,318;0,3;0,34;0,032436;4;12;42AFR5001000;B;UNIDADE
42AFR5001000;42AFR5001000CX;FRITADEIRA A AR AFR5001 3,5L PT 127V;2;PC;AIR FRYER;0,1;7,6;0,33;0,31;0,62;0,063426;4;6;42AFR5001000CX;B;MASTER
42AFR5001000;42AFR5001000CX;FRITADEIRA A AR AFR5001 3,5L PT 127V;2;PC;AIR FRYER;0,1;7,6;0,33;0,31;0,62;0,063426;4;6;27908412514504;B;MASTER
42AFR5002000;42AFR5002000;FRITADEIRA A AR AFR5002 3,5L PT 220V;1;PC;AIR FRYER;0,1;3,7;0,318;0,3;0,34;0,032436;4;12;7908412514524;B;UNIDADE
42AFR5002000;42AFR5002000;FRITADEIRA A AR AFR5002 3,5L PT 220V;1;PC;AIR FRYER;0,1;3,7;0,318;0,3;0,34;0,032436;4;12;42AFR5002000;B;UNIDADE
42AFR5002000;42AFR5002000CX;FRITADEIRA A AR AFR5002 3,5L PT 220V;2;PC;AIR FRYER;0,1;7,6;0,33;0,31;0,62;0,063426;4;6;42AFR5002000CX;B;MASTER
42AFR5002000;42AFR5002000CX;FRITADEIRA A AR AFR5002 3,5L PT 220V;2;PC;AIR FRYER;0,1;7,6;0,33;0,31;0,62;0,063426;4;6;27908412514528;B;MASTER
42FVA0001000;42FVA0001000;FERRO A VAPOR 1200W - 127V;1;PC;ELET - CASA;0,1;0,65;0,125;0,105;0,25;0,003281;8;54;7908412553356;B;UNIDADE
42FVA0001000;42FVA0001000;FERRO A VAPOR 1200W - 127V;1;PC;ELET - CASA;0,1;0,65;0,125;0,105;0,25;0,003281;8;54;42FVA0001000;B;UNIDADE
42FVA0001000;42FVA0001000CX;FERRO A VAPOR 1200W - 127V;12;PC;ELET - CASA;0,1;9,1;0,39;0,265;0,435;0,044957;4;9;17908412553353;B;MASTER
42FVA0002000;42FVA0002000;FERRO A VAPOR 1400W - 220V;1;PC;ELET - CASA;0,1;0,65;0,125;0,105;0,25;0,003281;8;54;7908412553387;B;UNIDADE
42FVA0002000;42FVA0002000;FERRO A VAPOR 1400W - 220V;1;PC;ELET - CASA;0,1;0,65;0,125;0,105;0,25;0,003281;8;54;42FVA0002000;B;UNIDADE
42FVA0002000;42FVA0002000CX;FERRO A VAPOR 1400W - 220V;12;PC;ELET - CASA;0,1;9,1;0,39;0,265;0,435;0,044957;4;9;17908412553384;B;MASTER
42AFG3001000;42AFG3001000;FRITADEIRA A AR AFG3001 3.5L PT 127V;1;PC;AIR FRYER;0,1;3,7;0,33;0,305;0,303;0,030497;4;8;7908412505751;A;UNIDADE
42AFG3001000;42AFG3001000;FRITADEIRA A AR AFG3001 3.5L PT 127V;1;PC;AIR FRYER;0,1;3,7;0,33;0,305;0,303;0,030497;4;8;42AFG3001000;A;UNIDADE
42AFG3001000;42AFG300100CX;FRITADEIRA A AR AFG3001 3.5L PT 127V;2;PC;AIR FRYER;0,1;7,5;0,35;0,325;0,635;0,072231;4;4;17908412505758;A;MASTER
42AFG3002000;42AFG3002000;FRITADEIRA A AR AFG3002 3.5L PT 220V;1;PC;AIR FRYER;0,1;3,7;0,33;0,305;0,303;0,030497;4;8;7908412505768;A;UNIDADE
42AFG3002000;42AFG3002000;FRITADEIRA A AR AFG3002 3.5L PT 220V;1;PC;AIR FRYER;0,1;3,7;0,33;0,305;0,303;0,030497;4;8;42AFG3002000;A;UNIDADE
42AFG3002000;42AFG3002000CX;FRITADEIRA A AR AFG3002 3.5L PT 220V;2;PC;AIR FRYER;0,1;7,5;0,355;0,33;0,625;0,073219;4;4;17908412505765;A;MASTER
42PPD1001000;42PPD1001000;PANELA PRESSAO DIG ELETR. 5L 127V;1;PC;ELET - COZINHA;1;4,5;0,32;0,3;0,3;0,0288;4;12;7908412551840;A;UNIDADE
42PPD1001000;42PPD1001000;PANELA PRESSAO DIG ELETR. 5L 127V;1;PC;ELET - COZINHA;1;4,5;0,32;0,3;0,3;0,0288;4;12;42PPD1001000;A;UNIDADE
42PPD1001000;42PPD1001000CX;PANELA PRESSAO DIG ELETR. 5L 127V;2;PC;ELET - COZINHA;1;10,5;0,35;0,32;0,63;0,07056;4;6;17908412551847;A;MASTER
42PPD1002000;42PPD1002000;PANELA PRESSAO DIG ELETR. 5L 220V;1;PC;ELET - COZINHA;1;4,5;0,32;0,3;0,3;0,0288;4;10;7908412551871;A;UNIDADE
42PPD1002000;42PPD1002000;PANELA PRESSAO DIG ELETR. 5L 220V;1;PC;ELET - COZINHA;1;4,5;0,32;0,3;0,3;0,0288;4;10;42PPD1002000;A;UNIDADE
42PPD1002000;42PPD1002000CX;PANELA PRESSAO DIG ELETR. 5L 220V;2;PC;ELET - COZINHA;1;10,5;0,35;0,315;0,63;0,069458;4;6;17908412551878;A;MASTER
42ESCB000000;42ESCB000000;ESC. SECADORA AGILER ROSE BOVOLT;1;PC;ELET - CUIDADOS PESSOAIS;1;0,000001;1;1;1;1;12;24;7908412504679;A;UNIDADE
42ESCB000000;42ESCB000000;ESC. SECADORA AGILER ROSE BOVOLT;1;PC;ELET - CUIDADOS PESSOAIS;1;0,000001;1;1;1;1;12;24;42ESCB000000;A;UNIDADE
42ESCB000000;42ESCB000000CX;ESC. SECADORA AGILER ROSE BOVOLT;12;PC;ELET - CUIDADOS PESSOAIS;1;7,24;0,345;0,38;0,393;0,051522;4;6;17908412504676;A;MASTER
42AFC8001000;42AFC8001000;AFC80 FRITADEIRA CHROME FRY 8L 127V;1;PC;AIR FRYER;0,1;7,3;0,4;0,35;0,4;0,056;4;6;7908412504563;A;UNIDADE
42AFC8001000;42AFC8001000;AFC80 FRITADEIRA CHROME FRY 8L 127V;1;PC;AIR FRYER;0,1;7,3;0,4;0,35;0,4;0,056;4;6;42AFC8001000;A;UNIDADE
42AFC8002000;42AFC8002000;AFC80 FRITADEIRA CHROME FRY 8L 220V;1;PC;AIR FRYER;0,1;7,3;0,4;0,35;0,4;0,056;4;6;7908412504570;A;UNIDADE
42AFC8002000;42AFC8002000;AFC80 FRITADEIRA CHROME FRY 8L 220V;1;PC;AIR FRYER;0,1;7,3;0,4;0,35;0,4;0,056;4;6;42AFC8002000;A;UNIDADE
42MCC30SF000;42MCC30SF000;CORTADOR STUDIO COLOR SEM FIO;1;PC;ELET - CUIDADOS PESSOAIS;0,1;0,45;0,017;0,05;0,017;0,000014;8;240;7908412504716;A;UNIDADE
42MCC30SF000;42MCC30SF000;CORTADOR STUDIO COLOR SEM FIO;1;PC;ELET - CUIDADOS PESSOAIS;0,1;0,45;0,017;0,05;0,017;0,000014;8;240;42MCC30SF000;A;UNIDADE
42MCC30SF000;42MCC30SF000CX;CORTADOR STUDIO COLOR SEM FIO;40;PC;ELET - CUIDADOS PESSOAIS;0,1;0,8;0,035;0,018;0,051;0,000032;4;10;17908412504713;A;MASTER
42SAN3X01000;42SAN3X01000;SANDUICHEIRA LUNCH TIME 127V;1;PC;ELET - COZINHA;0,1;1,15;0,239;0,095;0,245;0,055627;6;40;7908412504617;A;UNIDADE
42SAN3X01000;42SAN3X01000;SANDUICHEIRA LUNCH TIME 127V;1;PC;ELET - COZINHA;0,1;1,15;0,239;0,095;0,245;0,055627;6;40;42SAN3X01000;A;UNIDADE
42SAN3X01000;42SAN3X01000CX;SANDUICHEIRA LUNCH TIME 127V;10;PC;ELET - COZINHA;0,1;12,1;0,492;0,259;0,493;0,062822;3;8;42SAN3X01000CX;A;MASTER
42SAN3X01000;42SAN3X01000CX;SANDUICHEIRA LUNCH TIME 127V;10;PC;ELET - COZINHA;0,1;12,1;0,492;0,259;0,493;0,062822;3;8;17908412504614;A;MASTER
42SAN3X02000;42SAN3X02000;SANDUICHEIRA LUNCH TIME 220V;1;PC;ELET - COZINHA;0,1;1,1;0,0235;0,095;0,245;0,000547;6;80;7908412504624;A;UNIDADE
42SAN3X02000;42SAN3X02000;SANDUICHEIRA LUNCH TIME 220V;1;PC;ELET - COZINHA;0,1;1,1;0,0235;0,095;0,245;0,000547;6;80;42SAN3X02000;A;UNIDADE
42SAN3X02000;42SAN3X02000CX;SANDUICHEIRA LUNCH TIME 220V;10;PC;ELET - COZINHA;0,1;11,5;0,5;0,26;0,48;0,0624;3;8;42SAN3X02000CX;A;MASTER
42SAN3X02000;42SAN3X02000CX;SANDUICHEIRA LUNCH TIME 220V;10;PC;ELET - COZINHA;0,1;11,5;0,5;0,26;0,48;0,0624;3;8;17908412504621;A;MASTER
42AFG4001000;42AFG4001000;AFG40 FRITADEIRA CUBE  FRY 4L 127V;1;PC;AIR FRYER;0,1;3,8;0,326;0,315;0,315;0,032347;4;8;7908412504488;A;UNIDADE
42AFG4001000;42AFG4001000;AFG40 FRITADEIRA CUBE  FRY 4L 127V;1;PC;AIR FRYER;0,1;3,8;0,326;0,315;0,315;0,032347;4;8;42AFG4001000;A;UNIDADE
42AFG4001000;42AFG4001000CX;AFG40 FRITADEIRA CUBE  FRY 4L 127V;2;PC;AIR FRYER;0,1;8,04;0,335;0,325;0,645;0,070224;4;4;42AFG4001000CX;A;MASTER
42AFG4001000;42AFG4001000CX;AFG40 FRITADEIRA CUBE  FRY 4L 127V;2;PC;AIR FRYER;0,1;8,04;0,335;0,325;0,645;0,070224;4;4;17908412504485;A;MASTER
42AFG4002000;42AFG4002000;AFG40 FRITADEIRA CUBE FRY 4L 220V;1;PC;AIR FRYER;0,1;3,08;0,326;0,315;0,315;0,032347;4;12;7908412504495;A;UNIDADE
42AFG4002000;42AFG4002000;AFG40 FRITADEIRA CUBE FRY 4L 220V;1;PC;AIR FRYER;0,1;3,08;0,326;0,315;0,315;0,032347;4;12;42AFG4002000;A;UNIDADE
42AFG4002000;42AFG4002000CX;AFG40 FRITADEIRA CUBE FRY 4L 220V;2;PC;AIR FRYER;0,1;8,04;0,335;0,325;0,645;0,070224;4;6;42AFG4002000CX;A;MASTER
42AFG4002000;42AFG4002000CX;AFG40 FRITADEIRA CUBE FRY 4L 220V;2;PC;AIR FRYER;0,1;8,04;0,335;0,325;0,645;0,070224;4;6;17908412504492;A;MASTER
42AFC5001000;42AFC5001000;AFC50 FRITADEIRA SPACE 5 C CESTO 5L 127V;1;PC;AIR FRYER;0,1;4,77;0,348;0,335;0,335;0,039054;4;8;7908412504525;A;UNIDADE
42AFC5001000;42AFC5001000;AFC50 FRITADEIRA SPACE 5 C CESTO 5L 127V;1;PC;AIR FRYER;0,1;4,77;0,348;0,335;0,335;0,039054;4;8;42AFC5001000;A;UNIDADE
42AFC5001000;42AFC5001000CX;AFC50 FRITADEIRA SPACE 5 C CESTO 5L 127V;2;PC;AIR FRYER;0,1;10;0,36;0,345;0,685;0,085077;4;4;42AFC5001000CX;A;MASTER
42AFC5001000;42AFC5001000CX;AFC50 FRITADEIRA SPACE 5 C CESTO 5L 127V;2;PC;AIR FRYER;0,1;10;0,36;0,345;0,685;0,085077;4;4;17908412504522;A;MASTER
42AFC5002000;42AFC5002000;AFC50 FRITADEIRA SPACE 5 C CESTO 5L 220V;1;PC;AIR FRYER;0,1;4,77;0,348;0,335;0,335;0,039054;4;8;7908412504532;A;UNIDADE
42AFC5002000;42AFC5002000;AFC50 FRITADEIRA SPACE 5 C CESTO 5L 220V;1;PC;AIR FRYER;0,1;4,77;0,348;0,335;0,335;0,039054;4;8;42AFC5002000;A;UNIDADE
42AFC5002000;42AFC5002000CX;AFC50 FRITADEIRA SPACE 5 C CESTO 5L 220V;2;PC;AIR FRYER;0,1;10;0,36;0,345;0,685;0,085077;4;4;17908412504539;A;MASTER
42AFJ5002000;42AFJ5002000;AFJ50 FRITADEIRA VISIO 5L 220V;1;PC;AIR FRYER;0,1;4,9;0,348;0,335;0,335;0,039054;4;8;7908412504556;A;UNIDADE
42AFJ5002000;42AFJ5002000;AFJ50 FRITADEIRA VISIO 5L 220V;1;PC;AIR FRYER;0,1;4,9;0,348;0,335;0,335;0,039054;4;8;42AFJ5002000;A;UNIDADE
42AFJ5002000;42AFJ5002000CX;AFJ50 FRITADEIRA VISIO 5L 220V;2;PC;AIR FRYER;0,1;10,2;0,685;0,345;0,36;0,085077;4;4;17908412504553;A;MASTER
42AFJ5001000;42AFJ5001000;AFJ50 FRITADEIRA VISIO 5L 127V;1;PC;AIR FRYER;0,1;4,9;0,348;0,335;0,335;0,039054;4;8;7908412504549;A;UNIDADE
42AFJ5001000;42AFJ5001000;AFJ50 FRITADEIRA VISIO 5L 127V;1;PC;AIR FRYER;0,1;4,9;0,348;0,335;0,335;0,039054;4;8;42AFJ5001000;A;UNIDADE
42AFJ5001000;42AFJ5001000CX;AFJ50 FRITADEIRA VISIO 5L 127V;2;PC;AIR FRYER;0,1;10,2;0,685;0,345;0,36;0,085077;4;4;17908412504546;A;MASTER
42STM2002000;42STM2002000;STM20 VAPORIZADOR VERTICAL DE MÇO 220V;1;PC;ELET - CASA;0,1;1,04;0,17;0,14;0,3;0,00714;6;21;7908412500879;A;UNIDADE
42STM2002000;42STM2002000;STM20 VAPORIZADOR VERTICAL DE MÇO 220V;1;PC;ELET - CASA;0,1;1,04;0,17;0,14;0,3;0,00714;6;21;42STM2002000;A;UNIDADE
42STM2002000;42STM2002000CX;STM20 VAPORIZADOR VERTICAL DE MÇO 220V;6;PC;ELET - CASA;0,1;7,4;0,355;0,305;0,42;0,045476;3;7;42STM2002000CX;A;MASTER
42STM2002000;42STM2002000CX;STM20 VAPORIZADOR VERTICAL DE MÇO 220V;6;PC;ELET - CASA;0,1;7,4;0,355;0,305;0,42;0,045476;3;7;27908412500873;A;MASTER
42STM2001000;42STM2001000;STM20 VAPORIZADOR VERTICAL DE MÇO 127V;1;PC;ELET - CASA;0,1;1,04;0,17;0,14;0,3;0,00714;8;21;7908412500862;A;UNIDADE
42STM2001000;42STM2001000;STM20 VAPORIZADOR VERTICAL DE MÇO 127V;1;PC;ELET - CASA;0,1;1,04;0,17;0,14;0,3;0,00714;8;21;42STM2001000;A;UNIDADE
42STM2001000;42STM2001000CX;STM20 VAPORIZADOR VERTICAL DE MÇO 127V;6;PC;ELET - CASA;0,1;7,4;0,355;0,305;0,42;0,045476;4;7;42STM2001000CX;A;MASTER
42STM2001000;42STM2001000CX;STM20 VAPORIZADOR VERTICAL DE MÇO 127V;6;PC;ELET - CASA;0,1;7,4;0,355;0,305;0,42;0,045476;4;7;27908412500866;A;MASTER
42FVA0902000;42FVA0902000;FVA09 FERRO VAPOR 1800W 220V;1;PC;ELET - CASA;0,1;0,76;0,135;0,11;0,265;0,003935;10;60;7908412510908;A;UNIDADE
42FVA0902000;42FVA0902000;FVA09 FERRO VAPOR 1800W 220V;1;PC;ELET - CASA;0,1;0,76;0,135;0,11;0,265;0,003935;10;60;42FVA0902000;A;UNIDADE
42FVA0902000;42FVA0902000 CX10;FVA09 FERRO VAPOR 1800W 220V;10;PC;ELET - CASA;0,1;8,4;0,285;0,275;0,565;0,044282;5;6;17908412510905;A;MASTER
42FVA0901000;42FVA0901000;FVA09 FERRO VAPOR 1200W 127V;1;PC;ELET - CASA;0,1;0,76;0,135;0,11;0,265;0,003935;10;30;7908412510892;A;UNIDADE
42FVA0901000;42FVA0901000;FVA09 FERRO VAPOR 1200W 127V;1;PC;ELET - CASA;0,1;0,76;0,135;0,11;0,265;0,003935;10;30;42FVA0901000;A;UNIDADE
42FVA0901000;42FVA0901000CX;FVA09 FERRO VAPOR 1200W 127V;10;PC;ELET - CASA;0,1;8,4;0,285;0,275;0,565;0,044282;5;6;17908412510899;A;MASTER
42AFG4102000;42AFG4102000;AFG41 FRITADEIRA AIR FACIL 220V;1;PC;AIR FRYER;0,1;3,6;0,317;0,295;0,295;0,027587;4;8;7908412509544;A;UNIDADE
42AFG4102000;42AFG4102000;AFG41 FRITADEIRA AIR FACIL 220V;1;PC;AIR FRYER;0,1;3,6;0,317;0,295;0,295;0,027587;4;8;42AFG4102000;A;UNIDADE
42AFG4102000;42AFG4102000 CX2;AFG41 FRITADEIRA AIR FACIL 220V;2;PC;AIR FRYER;0,1;8,2;0,338;0,31;0,625;0,065488;4;4;17908412509541;A;MASTER
42AFG4101000;42AFG4101000;AFG41 FRITADEIRA FRITA FACIL 127V;1;PC;AIR FRYER;0,1;3,6;0,317;0,295;0,295;0,027587;4;8;7908412509537;A;UNIDADE
42AFG4101000;42AFG4101000;AFG41 FRITADEIRA FRITA FACIL 127V;1;PC;AIR FRYER;0,1;3,6;0,317;0,295;0,295;0,027587;4;8;42AFG4101000;A;UNIDADE
42AFG4101000;42AFG4101000 CX;AFG41 FRITADEIRA FRITA FACIL 127V;2;PC;AIR FRYER;0,1;8,2;0,338;0,31;0,625;0,065488;4;4;42AFG4101000CX;A;MASTER
42AFG4101000;42AFG4101000 CX;AFG41 FRITADEIRA FRITA FACIL 127V;2;PC;AIR FRYER;0,1;8,2;0,338;0,31;0,625;0,065488;4;4;17908412509534;A;MASTER
42ESC2100000;42ESC2100000;ESC21 ESCOVA TREND STYLE 4EM1 BIVOLT;1;PC;ELET - CUIDADOS PESSOAIS;0,1;0,65;0,27;0,16;0,07;0,003024;4;80;7908412504686;A;UNIDADE
42ESC2100000;42ESC2100000;ESC21 ESCOVA TREND STYLE 4EM1 BIVOLT;1;PC;ELET - CUIDADOS PESSOAIS;0,1;0,65;0,27;0,16;0,07;0,003024;4;80;42ESC2100000;A;UNIDADE
42ESC2100000;42ESC2100000 CX;ESC21 ESCOVA TREND STYLE 4EM1 BIVOLT;20;PC;ELET - CUIDADOS PESSOAIS;0,1;15,1;0,59;0,327;0,4;0,077172;2;8;17908412504683;A;MASTER
42PRAB000000;42PRAB000000;PRAB0 Prancha GLOSSY COLOR BIVOLT;1;PC;ELET - CUIDADOS PESSOAIS;0,1;0,46;0,034;0,1;0,5;0,0017;24;60;7908412504600;A;UNIDADE
42PRAB000000;42PRAB000000;PRAB0 Prancha GLOSSY COLOR BIVOLT;1;PC;ELET - CUIDADOS PESSOAIS;0,1;0,46;0,034;0,1;0,5;0,0017;24;60;42PRAB000000;A;UNIDADE
42PRAB000000;42PRAB000000 CX;PRAB0 PRANCHA GLOSSY COLOR BIVOLT;24;PC;ELET - CUIDADOS PESSOAIS;0,1;12;0,4;0,29;0,365;0,04234;5;6;42PRAB000000CX;A;MASTER
42PRAB000000;42PRAB000000 CX;PRAB0 PRANCHA GLOSSY COLOR BIVOLT;24;PC;ELET - CUIDADOS PESSOAIS;0,1;12;0,4;0,29;0,365;0,04234;5;6;17908412504607;A;MASTER
42SEB2002000;42SEB2002000;SEB20 Secador GLOSSY COLOR 2000W 220V;1;PC;ELET - CUIDADOS PESSOAIS;0,1;1,05;0,3;0,1;0,23;0,0069;4;40;7908412504648;A;UNIDADE
42SEB2002000;42SEB2002000;SEB20 Secador GLOSSY COLOR 2000W 220V;1;PC;ELET - CUIDADOS PESSOAIS;0,1;1,05;0,3;0,1;0,23;0,0069;4;40;42SEB2002000;A;UNIDADE
42SEB2002000;42SEB2002000 CX;SEB20 SECADOR GLOSSY COLOR 2000W 220V;10;PC;ELET - CUIDADOS PESSOAIS;0,1;9;0,325;0,475;0,515;0,079503;4;4;42SEB2002000CX;A;MASTER
42SEB2002000;42SEB2002000 CX;SEB20 SECADOR GLOSSY COLOR 2000W 220V;10;PC;ELET - CUIDADOS PESSOAIS;0,1;9;0,325;0,475;0,515;0,079503;4;4;17908412504645;A;MASTER
42SEB2001000;42SEB2001000;SEB20 Secador GLOSSY COLOR 2000W 127V;1;PC;ELET - CUIDADOS PESSOAIS;0,1;1,05;0,3;0,1;0,23;0,0069;4;40;7908412504631;A;UNIDADE
42SEB2001000;42SEB2001000;SEB20 Secador GLOSSY COLOR 2000W 127V;1;PC;ELET - CUIDADOS PESSOAIS;0,1;1,05;0,3;0,1;0,23;0,0069;4;40;42SEB2001000;A;UNIDADE
42SEB2001000;42SEB2001000 CX;SEB20 SECADOR GLOSSY COLOR 2000W 127V;10;PC;ELET - CUIDADOS PESSOAIS;0,1;9;0,325;0,475;0,515;0,079503;4;4;42SEB2001000CX;A;MASTER
42SEB2001000;42SEB2001000 CX;SEB20 SECADOR GLOSSY COLOR 2000W 127V;10;PC;ELET - CUIDADOS PESSOAIS;0,1;9;0,325;0,475;0,515;0,079503;4;4;17908412504638;A;MASTER
42CF30001000;42CF30001000;CF300 CAFETEIRA 30 XICARAS 127V;1;PC;ELET - COZINHA;1;1,3;0,3;0,19;0,26;0,01482;4;12;7908412515224;B;UNIDADE
42CF30001000;42CF30001000;CF300 CAFETEIRA 30 XICARAS 127V;1;PC;ELET - COZINHA;1;1,3;0,3;0,19;0,26;0,01482;4;12;42CF30001000;B;UNIDADE
42CF30001000;42CF30001000CX;CF300 CAFETEIRA 30 XICARAS 127V;6;PC;ELET - COZINHA;1;10,5;0,32;0,58;0,593;0,110061;4;2;42CF30001000CX;B;MASTER
42CF30001000;42CF30001000CX;CF300 CAFETEIRA 30 XICARAS 127V;6;PC;ELET - COZINHA;1;10,5;0,32;0,58;0,593;0,110061;4;2;17908412515221;B;MASTER
42CF15002000;42CF15002000;CF150 CAFETEIRA 15 XICARAS 220V;1;PC;ELET - COZINHA;0,0001;1,125;0,24;0,14;0,21;0,007056;6;32;7908412504730;A;UNIDADE
42CF15002000;42CF15002000;CF150 CAFETEIRA 15 XICARAS 220V;1;PC;ELET - COZINHA;0,0001;1,125;0,24;0,14;0,21;0,007056;6;32;42CF15002000;A;UNIDADE
42CF15002000;42CF15002000CF;CF150 CAFETEIRA 15 XICARAS 220V;8;PC;ELET - COZINHA;0,0001;9;0,519;0,3;0,439;0,068352;3;8;42CF15002000CX;A;MASTER
42CF15002000;42CF15002000CF;CF150 CAFETEIRA 15 XICARAS 220V;8;PC;ELET - COZINHA;0,0001;9;0,519;0,3;0,439;0,068352;3;8;27908412504734;A;MASTER
42CF30002000;42CF30002000;CF300 CAFETEIRA 30 XICARAS 220V;1;PC;ELET - COZINHA;0,0001;1,2;0,3;0,19;0,27;0,01539;4;12;7908412515231;A;UNIDADE
42CF30002000;42CF30002000;CF300 CAFETEIRA 30 XICARAS 220V;1;PC;ELET - COZINHA;0,0001;1,2;0,3;0,19;0,27;0,01539;4;12;42CF30002000;A;UNIDADE
42CF30002000;42CF30002000CX;CF300 CAFETEIRA 30 XICARAS 220V;6;PC;ELET - COZINHA;0,0001;10,5;0,32;0,58;0,593;0,110061;4;2;42CF30002000CX;A;MASTER
42CF30002000;42CF30002000CX;CF300 CAFETEIRA 30 XICARAS 220V;6;PC;ELET - COZINHA;0,0001;10,5;0,32;0,58;0,593;0,110061;4;2;17908412515238;A;MASTER
42CF15001000;42CF15001000;CF150 CAFETEIRA 15 XICARAS 127V;1;PC;ELET - COZINHA;1;1,125;0,24;0,14;0,21;0,007056;6;28;7908412504723;B;UNIDADE
42CF15001000;42CF15001000;CF150 CAFETEIRA 15 XICARAS 127V;1;PC;ELET - COZINHA;1;1,125;0,24;0,14;0,21;0,007056;6;28;42CF15001000;B;UNIDADE
42CF15001000;42CF15001000CX;CF150 CAFETEIRA 15 XICARAS 127V;8;PC;ELET - COZINHA;1;9;0,519;0,3;0,439;0,068352;3;7;42CF15001000CX;B;MASTER
42CF15001000;42CF15001000CX;CF150 CAFETEIRA 15 XICARAS 127V;8;PC;ELET - COZINHA;1;9;0,519;0,3;0,439;0,068352;3;7;27908412504727;B;MASTER
42SECT000000;42SECT000000;SECT0 Secador TO GO 1200W BIVOLT;1;PC;ELET - CUIDADOS PESSOAIS;0,0001;0,1;0,195;0,08;0,12;0,001872;6;98;7908412515422;A;UNIDADE
42SECT000000;42SECT000000;SECT0 Secador TO GO 1200W BIVOLT;1;PC;ELET - CUIDADOS PESSOAIS;0,0001;0,1;0,195;0,08;0,12;0,001872;6;98;42SECT000000;A;UNIDADE
42SECT000000;42SECT000000CX;SECT0 SECADOR TO GO 1200W BIVOLT;24;PC;ELET - CUIDADOS PESSOAIS;0,0001;11;0,41;0,315;0,382;0,049335;3;8;42SECT000000CX;A;MASTER
42SECT000000;42SECT000000CX;SECT0 SECADOR TO GO 1200W BIVOLT;24;PC;ELET - CUIDADOS PESSOAIS;0,0001;11;0,41;0,315;0,382;0,049335;3;8;27908412515426;A;MASTER
42SECT000000;42SECT000000CX;SECT0 SECADOR TO GO 1200W BIVOLT;24;PC;ELET - CUIDADOS PESSOAIS;0,0001;11;0,41;0,315;0,382;0,049335;3;8;17908412515429;A;MASTER
42MIX3G02000;42MIX3G02000;MIXER 3 EM 1 CZ - 220V;1;PC;ELET - COZINHA;0,0001;1,5;0,23;0,12;0,22;0,006072;6;32;7908412519475;A;UNIDADE
42MIX3G02000;42MIX3G02000;MIXER 3 EM 1 CZ - 220V;1;PC;ELET - COZINHA;0,0001;1,5;0,23;0,12;0,22;0,006072;6;32;42MIX3G02000;A;UNIDADE
42MIX3G02000;42MIX3G02000CX;MIXER 3 EM 1 CZ - 220V;8;PC;ELET - COZINHA;0,0001;12;0,497;0,447;0,253;0,056206;6;4;42MIX3G02000CX;A;MASTER
42MIX3G02000;42MIX3G02000CX;MIXER 3 EM 1 CZ - 220V;8;PC;ELET - COZINHA;0,0001;12;0,497;0,447;0,253;0,056206;6;4;17908412519472;A;MASTER
42MIX3G01000;42MIX3G01000;MIXER 3 EM 1 CZ - 127V;1;PC;ELET - COZINHA;0,0001;1,5;0,23;0,12;0,22;0,006072;6;32;7908412519468;A;UNIDADE
42MIX3G01000;42MIX3G01000;MIXER 3 EM 1 CZ - 127V;1;PC;ELET - COZINHA;0,0001;1,5;0,23;0,12;0,22;0,006072;6;32;42MIX3G01000;A;UNIDADE
42MIX3G01000;42MIX3G01000CX;MIXER 3 EM 1 CZ - 127V;8;PC;ELET - COZINHA;0,0001;12;0,497;0,447;0,253;0,056206;6;4;42MIX3G01000CX;A;MASTER
42MIX3G01000;42MIX3G01000CX;MIXER 3 EM 1 CZ - 127V;8;PC;ELET - COZINHA;0,0001;12;0,497;0,447;0,253;0,056206;6;4;17908412519465;A;MASTER
42AFO0002000;42AFO0002000;AFO00 FRIT. FORNO EASY OVEN FRY 220V;1;PC;AIR FRYER;0;6,9;0,45;0,34;0,38;0,05814;3;6;7908412515392;A;UNIDADE
42AFO0002000;42AFO0002000;AFO00 FRIT. FORNO EASY OVEN FRY 220V;1;PC;AIR FRYER;0;6,9;0,45;0,34;0,38;0,05814;3;6;42AFO0002000;A;UNIDADE
42AFO0001000;42AFO0001000;AFO00 FRIT. FORNO EASY OVEN FRY 127V;1;PC;AIR FRYER;0,0001;6,9;0,42;0,38;0,34;0,054264;3;6;7908412515385;A;UNIDADE
42AFO0001000;42AFO0001000;AFO00 FRIT. FORNO EASY OVEN FRY 127V;1;PC;AIR FRYER;0,0001;6,9;0,42;0,38;0,34;0,054264;3;6;42AFO0001000;A;UNIDADE
42SAN4002000;42SAN4002000;SAN40 SANDUICHEIRA 800W 220V;1;PC;ELET - COZINHA;0,0001;1,1;0,23;0,24;0,1;0,00552;6;30;7908412518836;A;UNIDADE
42SAN4002000;42SAN4002000;SAN40 SANDUICHEIRA 800W 220V;1;PC;ELET - COZINHA;0,0001;1,1;0,23;0,24;0,1;0,00552;6;30;42SAN4002000;A;UNIDADE
42SAN4002000;42SAN4002000CX;SAN40 SANDUICHEIRA 800W 220V;6;PC;ELET - COZINHA;0,0001;7,4;0,44;0,255;0,45;0,05049;3;10;42SAN4002000CX;A;MASTER
42SAN4002000;42SAN4002000CX;SAN40 SANDUICHEIRA 800W 220V;6;PC;ELET - COZINHA;0,0001;7,4;0,44;0,255;0,45;0,05049;3;10;17908412518833;A;MASTER
42SAN4001000;42SAN4001000;SAN40 SANDUICHEIRA 800W 127V;1;PC;ELET - COZINHA;0,0001;1,06;0,22;0,095;0,23;0,004807;6;30;7908412518829;A;UNIDADE
42SAN4001000;42SAN4001000;SAN40 SANDUICHEIRA 800W 127V;1;PC;ELET - COZINHA;0,0001;1,06;0,22;0,095;0,23;0,004807;6;30;42SAN4001000;A;UNIDADE
42SAN4001000;42SAN4001000CX;SAN40 SANDUICHEIRA 800W 127V;6;PC;ELET - COZINHA;0,0001;6,4;0,48;0,26;0,29;0,038556;3;10;17908412518826;A;MASTER
42FOG0102000;42FOG0102000;FogÃ£o eletrico 1000W 220V FG01;1;PC;ELET - COZINHA;0,0001;1,2;0,026;0,07;0,024;0,000044;6;48;7908412515484;A;UNIDADE
42FOG0102000;42FOG0102000;FogÃ£o eletrico 1000W 220V FG01;1;PC;ELET - COZINHA;0,0001;1,2;0,026;0,07;0,024;0,000044;6;48;42FOG0102000;A;UNIDADE
42FOG0102000;42FOG0102000CX;FOGÃ£O ELETRICO 1000W 220V FG01;12;PC;ELET - COZINHA;0,0001;12,5;0,443;0,255;0,75;0,084724;3;8;42FOG0102000CX;A;MASTER
42FOG0102000;42FOG0102000CX;FOGÃ£O ELETRICO 1000W 220V FG01;12;PC;ELET - COZINHA;0,0001;12,5;0,443;0,255;0,75;0,084724;3;8;17908412515481;A;MASTER
42FOG0101000;42FOG0101000;FogÃ£o eletrico 1000W 127V FG01;1;PC;ELET - COZINHA;0,0001;1,2;0,24;0,07;0,26;0,004368;6;54;7908412515460;A;UNIDADE
42FOG0101000;42FOG0101000;FogÃ£o eletrico 1000W 127V FG01;1;PC;ELET - COZINHA;0,0001;1,2;0,24;0,07;0,26;0,004368;6;54;42FOG0101000;A;UNIDADE
42FOG0101000;42FOG0101000CX;FOGÃ£O ELETRICO 1000W 127V FG01;12;PC;ELET - COZINHA;0,0001;15,4;0,5;0,27;0,45;0,06075;3;9;42FOG0101000CX;A;MASTER
42FOG0101000;42FOG0101000CX;FOGÃ£O ELETRICO 1000W 127V FG01;12;PC;ELET - COZINHA;0,0001;15,4;0,5;0,27;0,45;0,06075;3;9;17908412515467;A;MASTER
42FOG0202000;42FOG0202000;FogÃ£o eletrico 2000W 220V FG02;1;PC;ELET - COZINHA;0,0001;2,35;0,045;0,07;0,025;0,000008;3;48;7908412515514;A;UNIDADE
42FOG0202000;42FOG0202000;FogÃ£o eletrico 2000W 220V FG02;1;PC;ELET - COZINHA;0,0001;2,35;0,045;0,07;0,025;0,000008;3;48;42FOG0202000;A;UNIDADE
42FOG0202000;42FOG0202000CX;FOGÃ£O ELETRICO 2000W 220V FG02;6;PC;ELET - COZINHA;0,0001;14,5;0,47;0,27;0,46;0,058374;3;9;42FOG0202000CX;A;MASTER
42FOG0202000;42FOG0202000CX;FOGÃ£O ELETRICO 2000W 220V FG02;6;PC;ELET - COZINHA;0,0001;14,5;0,47;0,27;0,46;0,058374;3;9;17908412515511;A;MASTER
42FOG0201000;42FOG0201000;FogÃ£o eletrico 2000W 127V FG02;1;PC;ELET - COZINHA;0,0001;2,1;0,25;0,07;0,45;0,007875;3;48;7908412515507;A;UNIDADE
42FOG0201000;42FOG0201000;FogÃ£o eletrico 2000W 127V FG02;1;PC;ELET - COZINHA;0,0001;2,1;0,25;0,07;0,45;0,007875;3;48;42FOG0201000;A;UNIDADE
42FOG0201000;42FOG0201000CX;FOGÃ£O ELETRICO 2000W 127V FG02;6;PC;ELET - COZINHA;0,0001;14,5;0,48;0,275;0,45;0,0594;3;8;42FOG0201000CX;A;MASTER
42FOG0201000;42FOG0201000CX;FOGÃ£O ELETRICO 2000W 127V FG02;6;PC;ELET - COZINHA;0,0001;14,5;0,48;0,275;0,45;0,0594;3;8;17908412515504;A;MASTER
42CHA1G01000;42CHA1G01000;CHA1G CHALEIRA ELETR. CZ DE 1,8L 127V;1;PC;ELET - COZINHA;0,0001;0,8;0,22;0,29;0,16;0,010208;6;60;7908412519406;A;UNIDADE
42CHA1G01000;42CHA1G01000;CHA1G CHALEIRA ELETR. CZ DE 1,8L 127V;1;PC;ELET - COZINHA;0,0001;0,8;0,22;0,29;0,16;0,010208;6;60;42CHA1G01000;A;UNIDADE
42CHA1G01000;42CHA1G01000CX;CHA1G CHALEIRA ELETR. CZ DE 1,8L 127V;12;PC;ELET - COZINHA;0,0001;10,5;0,475;0,34;0,625;0,100938;3;5;17908412519403;A;MASTER
42CHA1G02000;42CHA1G02000;CHA1G CHALEIRA ELETR. CZ DE 1,8L 220V;1;PC;ELET - COZINHA;0;0,8;0,22;0,29;0,16;0,010208;6;60;7908412519451;A;UNIDADE
42CHA1G02000;42CHA1G02000;CHA1G CHALEIRA ELETR. CZ DE 1,8L 220V;1;PC;ELET - COZINHA;0;0,8;0,22;0,29;0,16;0,010208;6;60;42CHA1G02000;A;UNIDADE
42CHA1G02000;42CHA1G02000CX;CHA1G CHALEIRA ELETR. CZ DE 1,8L 220V;12;PC;ELET - COZINHA;0;10,5;0,475;0,34;0,625;0,100938;3;5;17908412519458;A;MASTER
42MFP1P02000;42MFP1P02000;MINI PROCESSADOR ALIM 220V PRETO;1;PC;ELET - COZINHA;0,0001;1;0,15;0,12;0,205;0,00369;48;72;7908412555886;A;UNIDADE
42MFP1P02000;42MFP1P02000;MINI PROCESSADOR ALIM 220V PRETO;1;PC;ELET - COZINHA;0,0001;1;0,15;0,12;0,205;0,00369;48;72;42MFP1P02000;A;UNIDADE
42MFP1P02000;42MFP1P02000CX;MINI PROCESSADOR ALIM 220V PRETO;12;PC;ELET - COZINHA;0,0001;13,2;0,425;0,385;0,32;0,05236;4;6;17908412555883;A;MASTER
42MFP1P01000;42MFP1P01000;MINI PROCESSADOR ALIM 127V PRETO;1;PC;ELET - COZINHA;0,0001;0,1;0,1;0,1;0,1;0,001;48;72;7908412555879;A;UNIDADE
42MFP1P01000;42MFP1P01000;MINI PROCESSADOR ALIM 127V PRETO;1;PC;ELET - COZINHA;0,0001;0,1;0,1;0,1;0,1;0,001;48;72;42MFP1P01000;A;UNIDADE
42MFP1P01000;42MFP1P01000CX;MINI PROCESSADOR ALIM 127V PRETO;12;PC;ELET - COZINHA;0,0001;13,2;0,425;0,385;0,32;0,05236;4;6;17908412555876;A;MASTER
42VEN4001000;42VEN4001000;VEN40 Ventilador 40cm 127V;1;PC;ELET - CASA;0,0001;0,1;0,5;0,12;0,59;0,0354;3;15;42VEN4001000;A;UNIDADE
42VEN4001000;42VEN4001000CX;VEN40 VENTILADOR 40CM 127V;3;PC;ELET - CASA;0,0001;0,1;0,59;0,514;0,378;0,114632;3;5;42VEN4001000CX;A;MASTER
42VEN4001000;42VEN4001000CX;VEN40 VENTILADOR 40CM 127V;3;PC;ELET - CASA;0,0001;0,1;0,59;0,514;0,378;0,114632;3;5;17908412519205;A;MASTER
42VEN4001000;42VEN4001000UN;VEN40 VENTILADOR 40CM 127V;1;PC;ELET - CASA;0,0001;0,1;0,5;0,12;0,59;0,0354;3;15;7908412519208;A;UNIDADE
42VEN4001000;42VEN4001000UN;VEN40 VENTILADOR 40CM 127V;1;PC;ELET - CASA;0,0001;0,1;0,5;0,12;0,59;0,0354;3;15;42VEN4001000UN;A;UNIDADE
42VEN4002000;42VEN4002000;VEN40 Ventilador 40cm 220V;1;PC;ELET - CASA;0,0001;0,1;0,5;0,012;0,59;0,00354;3;15;7908412519215;A;UNIDADE
42VEN4002000;42VEN4002000;VEN40 Ventilador 40cm 220V;1;PC;ELET - CASA;0,0001;0,1;0,5;0,012;0,59;0,00354;3;15;42VEN4002000;A;UNIDADE
42VEN4002000;42VEN4002000CX;VEN40 VENTILADOR 40CM 220V;1;PC;ELET - CASA;0,0001;0,1;0,5;0,514;0,037;0,009509;3;15;42VEN4002000CX;A;UNIDADE
42VEN4002000;42VEN4002000CX;VEN40 VENTILADOR 40CM 220V;1;PC;ELET - CASA;0,0001;0,1;0,5;0,514;0,037;0,009509;3;15;17908412519212;A;UNIDADE
42VEN4002000;42VEN4002000UN;VEN40 VENTILADOR 40CM 220V;1;PC;ELET - CASA;0,0001;0,1;0,5;0,12;0,59;0,0354;3;15;42VEN4002000UN;A;UNIDADE
42CHA1B01000;42CHA1B01000;CHA1B CHALEIRA ELETR. PRETA DE 2L 127V;1;PC;ELET - COZINHA;0,0001;0,875;0,23;0,16;0,2;0,00736;6;30;7908412523694;A;UNIDADE
42CHA1B01000;42CHA1B01000;CHA1B CHALEIRA ELETR. PRETA DE 2L 127V;1;PC;ELET - COZINHA;0,0001;0,875;0,23;0,16;0,2;0,00736;6;30;42CHA1B01000;A;UNIDADE
42CHA1B01000;42CHA1B01000 CX;CHA1B CHALEIRA ELETR. PRETA DE 2L 127V;12;PC;ELET - COZINHA;0,0001;10,5;0,475;0,34;0,625;0,100938;3;5;42CHA1B01000CX;A;MASTER
42CHA1B01000;42CHA1B01000 CX;CHA1B CHALEIRA ELETR. PRETA DE 2L 127V;12;PC;ELET - COZINHA;0,0001;10,5;0,475;0,34;0,625;0,100938;3;5;17908412523691;A;MASTER
42CHA1B02000;42CHA1B02000;CHA1B CHALEIRA ELETR. PRETA DE 2L 220V;1;PC;ELET - COZINHA;0,0001;0,875;0,23;0,16;0,2;0,00736;6;30;7908412523755;A;UNIDADE
42CHA1B02000;42CHA1B02000;CHA1B CHALEIRA ELETR. PRETA DE 2L 220V;1;PC;ELET - COZINHA;0,0001;0,875;0,23;0,16;0,2;0,00736;6;30;42CHA1B02000;A;UNIDADE
42CHA1B02000;42CHA1B02000 CX;CHA1B CHALEIRA ELETR. PRETA DE 2L 220V;12;PC;ELET - COZINHA;0,0001;10,5;0,475;0,34;0,625;0,100938;3;5;42CHA1B02000CX;A;MASTER
42CHA1B02000;42CHA1B02000 CX;CHA1B CHALEIRA ELETR. PRETA DE 2L 220V;12;PC;ELET - COZINHA;0,0001;10,5;0,475;0,34;0,625;0,100938;3;5;17908412523752;A;MASTER
42AFG3701000;42AFG3701000;AFG37 FRITADEIRA 3,7L PT 127V;1;PC;AIR FRYER;0,0001;3,7;0,317;0,3;0,304;0,02891;4;8;7908412524851;A;UNIDADE
42AFG3701000;42AFG3701000;AFG37 FRITADEIRA 3,7L PT 127V;1;PC;AIR FRYER;0,0001;3,7;0,317;0,3;0,304;0,02891;4;8;42AFG3701000;A;UNIDADE
42AFG3701000;42AFG3701000 CX;AFG37 FRITADEIRA 3,7L PT 127V;2;PC;AIR FRYER;0,0001;8,5;0,33;0,315;0,615;0,063929;4;5;42AFG3701000CX;A;MASTER
42AFG3701000;42AFG3701000 CX;AFG37 FRITADEIRA 3,7L PT 127V;2;PC;AIR FRYER;0,0001;8,5;0,33;0,315;0,615;0,063929;4;5;17908412524858;A;MASTER
42AFG3702000;42AFG3702000;AFG37 FRITADEIRA 3,7L PT 220V;1;PC;AIR FRYER;0,0001;3,7;0,318;0,3;0,304;0,029002;4;8;7908412524868;A;UNIDADE
42AFG3702000;42AFG3702000;AFG37 FRITADEIRA 3,7L PT 220V;1;PC;AIR FRYER;0,0001;3,7;0,318;0,3;0,304;0,029002;4;8;42AFG3702000;A;UNIDADE
42AFG3702000;42AFG3702000 CX;AFG37 FRITADEIRA 3,7L PT 220V;2;PC;AIR FRYER;0,0001;8,5;0,335;0,315;0,615;0,064898;4;5;42AFG3702000CX;A;MASTER
42AFG3702000;42AFG3702000 CX;AFG37 FRITADEIRA 3,7L PT 220V;2;PC;AIR FRYER;0,0001;8,5;0,335;0,315;0,615;0,064898;4;5;17908412524865;A;MASTER
42AFG4201000;42AFG4201000;AFG42 FRITADEIRA 4,2L PT 127V;1;PC;AIR FRYER;0,0001;4;0,33;0,31;0,32;0,032736;4;8;7908412525407;A;UNIDADE
42AFG4201000;42AFG4201000;AFG42 FRITADEIRA 4,2L PT 127V;1;PC;AIR FRYER;0,0001;4;0,33;0,31;0,32;0,032736;4;8;42AFG4201000;A;UNIDADE
42AFG4201000;42AFG4201000 CX;AFG42 FRITADEIRA 4,2L PT 127V;2;PC;AIR FRYER;0,0001;7,9;0,348;0,323;0,6432;0,072298;4;4;17908412525404;A;MASTER
42AFG4202000;42AFG4202000;AFG42 FRITADEIRA 4,2L PT 220V;1;PC;AIR FRYER;0,0001;0,345;0,34;0,161;0,64;0,035034;4;8;7908412525414;A;UNIDADE
42AFG4202000;42AFG4202000;AFG42 FRITADEIRA 4,2L PT 220V;1;PC;AIR FRYER;0,0001;0,345;0,34;0,161;0,64;0,035034;4;8;42AFG4202000;A;UNIDADE
42AFG4202000;42AFG4202000 CX;AFG42 FRITADEIRA 4,2L PT 220V;2;PC;AIR FRYER;0,0001;7,9;0,348;0,323;0,643;0,072276;4;4;42AFG4202000CX;A;MASTER
42AFG4202000;42AFG4202000 CX;AFG42 FRITADEIRA 4,2L PT 220V;2;PC;AIR FRYER;0,0001;7,9;0,348;0,323;0,643;0,072276;4;4;17908412525411;A;MASTER
42AFG0402000;42AFG0402000;FRITADEIRA PT 220V;1;PC;AIR FRYER;0,0001;0,1;0,32;0,3;0,32;0,03072;4;10;42AFG0402000;A;UNIDADE
42AFG0402000;42AFG0402000 CX;FRITADEIRA PT 220V;2;PC;AIR FRYER;0,0001;8;0,328;0,312;0,612;0,06263;4;5;17908412525435;A;MASTER
42AFG0401000;42AFG0401000;FRITADEIRA PT 127V;1;PC;AIR FRYER;0,0001;0,1;0,31;0,3;0,3;0,0279;4;10;42AFG0401000;A;UNIDADE
42AFG0401000;42AFG0401000 CX;FRITADEIRA PT 127V;2;PC;AIR FRYER;0,0001;8;0,328;0,312;0,612;0,06263;4;5;17908412525428;A;MASTER
42ESCB100000;42ESCB100000;ESC. SECADORA ENTRY BIVOLT;1;PC;ELET - CUIDADOS PESSOAIS;0,0001;0,000001;1;1;1;1;12;24;7908412525506;A;UNIDADE
42ESCB100000;42ESCB100000;ESC. SECADORA ENTRY BIVOLT;1;PC;ELET - CUIDADOS PESSOAIS;0,0001;0,000001;1;1;1;1;12;24;42ESCB100000;A;UNIDADE
42ESCB100000;42ESCB100000CX;ESC. SECADORA ENTRY BIVOLT;12;PC;ELET - CUIDADOS PESSOAIS;0,0001;7,24;0,345;0,38;0,393;0,051522;4;6;42ESCB100000CX;A;MASTER
42ESCB100000;42ESCB100000CX;ESC. SECADORA ENTRY BIVOLT;12;PC;ELET - CUIDADOS PESSOAIS;0,0001;7,24;0,345;0,38;0,393;0,051522;4;6;17908412525503;A;MASTER
42AFG3502000;42AFG3502000;FRITADEIRA 3,5L PT 220V;1;PC;AIR FRYER;0,0001;1;0,32;0,26;0,35;0,02912;4;10;7908412531583;A;UNIDADE
42AFG3502000;42AFG3502000;FRITADEIRA 3,5L PT 220V;1;PC;AIR FRYER;0,0001;1;0,32;0,26;0,35;0,02912;4;10;42AFG3502000;A;UNIDADE
42AFG3502000;42AFG3502000CX;FRITADEIRA 3,5L PT 220V;2;PC;AIR FRYER;0,0001;1;0,36;0,33;0,55;0,06534;4;5;42AFG3502000CX;A;MASTER
42AFG3502000;42AFG3502000CX;FRITADEIRA 3,5L PT 220V;2;PC;AIR FRYER;0,0001;1;0,36;0,33;0,55;0,06534;4;5;17908412531580;A;MASTER
42AFG3501000;42AFG3501000;FRITADEIRA 3,5L PT 127V;1;PC;AIR FRYER;0,0001;1;0,32;0,26;0,35;0,02912;4;10;7908412531576;A;UNIDADE
42AFG3501000;42AFG3501000;FRITADEIRA 3,5L PT 127V;1;PC;AIR FRYER;0,0001;1;0,32;0,26;0,35;0,02912;4;10;42AFG3501000;A;UNIDADE
42AFG3501000;42AFG3501000CX;FRITADEIRA 3,5L PT 127V;2;PC;AIR FRYER;0,0001;1;0,33;0,36;0,55;0,06534;4;5;42AFG3501000CX;A;MASTER
42AFG3501000;42AFG3501000CX;FRITADEIRA 3,5L PT 127V;2;PC;AIR FRYER;0,0001;1;0,33;0,36;0,55;0,06534;4;5;17908412531573;A;MASTER
42AFO2001000;42AFO2001000;AFO20 FRIT. FORNO FRY 127V;1;PC;AIR FRYER;0,1;0,000001;0,39;0,34;0,34;0,045084;3;6;7908412525452;A;UNIDADE
42AFO2001000;42AFO2001000;AFO20 FRIT. FORNO FRY 127V;1;PC;AIR FRYER;0,1;0,000001;0,39;0,34;0,34;0,045084;3;6;42AFO2001000;A;UNIDADE
42AFO2002000;42AFO2002000;AFO FRIT. FORNO FRY 220V;1;PC;AIR FRYER;0,1;0,000001;0,39;0,34;0,34;0,045084;3;6;7908412525476;A;UNIDADE
42AFO2002000;42AFO2002000;AFO FRIT. FORNO FRY 220V;1;PC;AIR FRYER;0,1;0,000001;0,39;0,34;0,34;0,045084;3;6;42AFO2002000;A;UNIDADE
42LIQ2002000;42LIQ2002000;LIQ20 LIQUIDIFICADOR SUPER FORCE 220V;1;PC;ELET - COZINHA;0,1;0,32;0,4;0,17;0,21;0,01428;3;24;7908412519192;B;UNIDADE
42LIQ2002000;42LIQ2002000;LIQ20 LIQUIDIFICADOR SUPER FORCE 220V;1;PC;ELET - COZINHA;0,1;0,32;0,4;0,17;0,21;0,01428;3;24;42LIQ2002000;B;UNIDADE
42LIQ2002000;42LIQ2002000CX;42LIQ2002000CX;2;PC;ELET - COZINHA;0,1;6,6;0,4;0,34;0,21;0,02856;3;12;42LIQ2002000CX;B;MASTER
42LIQ2002000;42LIQ2002000CX;42LIQ2002000CX;2;PC;ELET - COZINHA;0,1;6,6;0,4;0,34;0,21;0,02856;3;12;17908412519199;B;MASTER
42LIQ2001000;42LIQ2001000;LIQ20 LIQUIDIFICAR SUPER FORCE 127V;1;PC;ELET - COZINHA;0,1;3,2;0,4;0,17;0,21;0,01428;3;24;7908412519178;B;UNIDADE
42LIQ2001000;42LIQ2001000;LIQ20 LIQUIDIFICAR SUPER FORCE 127V;1;PC;ELET - COZINHA;0,1;3,2;0,4;0,17;0,21;0,01428;3;24;42LIQ2001000;B;UNIDADE
42LIQ2001000;42LIQ2001000CX;LIQ20 LIQUIDIFICADOR SUPER FORCE 127V;2;PC;ELET - COZINHA;0,1;6,6;0,4;0,34;0,21;0,02856;3;12;42LIQ2001000CX;B;MASTER
42LIQ2001000;42LIQ2001000CX;LIQ20 LIQUIDIFICADOR SUPER FORCE 127V;2;PC;ELET - COZINHA;0,1;6,6;0,4;0,34;0,21;0,02856;3;12;17908412519175;B;MASTER
42PAR4001000;42PAR4001000;PAR40 P.ARROZ ELET. 5 XICS 1L 127V;1;PC;ELET - COZINHA;0,1;1,65;0,25;0,24;0,24;0,0144;4;15;7908412525582;A;UNIDADE
42PAR4001000;42PAR4001000;PAR40 P.ARROZ ELET. 5 XICS 1L 127V;1;PC;ELET - COZINHA;0,1;1,65;0,25;0,24;0,24;0,0144;4;15;42PAR4001000;A;UNIDADE
42PAR4001000;42PAR4001000CX;PAR40 P.ARROZ ELET. 5 XICS 1L 127V;6;PC;ELET - COZINHA;0,1;11,1;0,52;0,255;0,715;0,094809;2;5;42PAR4001000CX;A;MASTER
42PAR4001000;42PAR4001000CX;PAR40 P.ARROZ ELET. 5 XICS 1L 127V;6;PC;ELET - COZINHA;0,1;11,1;0,52;0,255;0,715;0,094809;2;5;17908412525589;A;MASTER
42PAR4002000;42PAR4002000;PAR40 P. ARROZ ELET. 5 XICS 1L 220V;1;PC;ELET - COZINHA;0,1;1,65;0,25;0,24;0,24;0,0144;4;15;7908412525596;A;UNIDADE
42PAR4002000;42PAR4002000;PAR40 P. ARROZ ELET. 5 XICS 1L 220V;1;PC;ELET - COZINHA;0,1;1,65;0,25;0,24;0,24;0,0144;4;15;42PAR4002000;A;UNIDADE
42PAR4002000;42PAR4002000CX;PAR40 P. ARROZ ELET. 5 XICS 1L 220V;6;PC;ELET - COZINHA;0,1;11,1;0,52;0,255;0,715;0,094809;2;5;42PAR4002000CX;A;MASTER
42PAR4002000;42PAR4002000CX;PAR40 P. ARROZ ELET. 5 XICS 1L 220V;6;PC;ELET - COZINHA;0,1;11,1;0,52;0,255;0,715;0,094809;2;5;17908412525596;A;MASTER
42PARX001000;42PARX001000;PARX0 P. ARROZ ELETRICA 10 XICS 1,8L 127V;1;PC;ELET - COZINHA;0,1;2,7;0,29;0,28;0,28;0,022736;4;12;7908412525605;B;UNIDADE
42PARX001000;42PARX001000CX;PARX0 P. ARROZ ELETRICA 10 XICS 1,8L 127V;6;PC;ELET - COZINHA;0,1;16,9;0,6;0,86;0,3;0,1548;2;4;42PARX001000CX;B;MASTER
42PARX001000;42PARX001000CX;PARX0 P. ARROZ ELETRICA 10 XICS 1,8L 127V;6;PC;ELET - COZINHA;0,1;16,9;0,6;0,86;0,3;0,1548;2;4;17908412525602;B;MASTER
42PARX002000;42PARX002000;PARX0 P.ARROZ ELETRICA 10 XICS 1,8L 220V;1;PC;ELET - COZINHA;0,1;2,7;0,29;0,28;0,285;0,023142;4;12;7908412525612;B;UNIDADE
42PARX002000;42PARX002000;PARX0 P.ARROZ ELETRICA 10 XICS 1,8L 220V;1;PC;ELET - COZINHA;0,1;2,7;0,29;0,28;0,285;0,023142;4;12;42PARX002000;B;UNIDADE
42PARX002000;42PARX002000CX;PARX0 P. ARROZ ELETRICA 10 XICS 1,8L 220V;6;PC;ELET - COZINHA;0,1;16,9;0,6;0,86;0,3;0,1548;2;4;42PARX002000CX;B;MASTER
42PARX002000;42PARX002000CX;PARX0 P. ARROZ ELETRICA 10 XICS 1,8L 220V;6;PC;ELET - COZINHA;0,1;16,9;0,6;0,86;0,3;0,1548;2;4;17908412525619;B;MASTER
42AFG8001000;42AFG8001000;AIRFRYER AFG8001 8L BLACK 127V;1;PC;AIR FRYER;0,1;4,8;0,34;0,415;0,33;0,046563;4;6;7908412504587;A;UNIDADE
42AFG8001000;42AFG8001000;AIRFRYER AFG8001 8L BLACK 127V;1;PC;AIR FRYER;0,1;4,8;0,34;0,415;0,33;0,046563;4;6;42AFG8001000;A;UNIDADE
42AFG8001000;42AFG8001000CX;AIRFRYER AFG8001 8L BLACK 127V;2;PC;AIR FRYER;0,1;11,3;0,36;0,665;0,43;0,102942;4;3;42AFG8001000CX;A;MASTER
42AFG8001000;42AFG8001000CX;AIRFRYER AFG8001 8L BLACK 127V;2;PC;AIR FRYER;0,1;11,3;0,36;0,665;0,43;0,102942;4;3;17908412504584;A;MASTER
42AFG8002000;42AFG8002000;AIRFRYER AFG8002 8L BLACK 220V;1;PC;AIR FRYER;0,1;4,8;0,34;0,415;0,33;0,046563;4;6;7908412504594;A;UNIDADE
42AFG8002000;42AFG8002000;AIRFRYER AFG8002 8L BLACK 220V;1;PC;AIR FRYER;0,1;4,8;0,34;0,415;0,33;0,046563;4;6;42AFG8002000;A;UNIDADE
42AFG8002000;42AFG8002000CX;AIRFRYER AFG8002 8L BLACK 220V;2;PC;AIR FRYER;0,1;11,3;0,36;0,665;0,43;0,102942;4;3;42AFG8002000CX;A;MASTER
42AFG8002000;42AFG8002000CX;AIRFRYER AFG8002 8L BLACK 220V;2;PC;AIR FRYER;0,1;11,3;0,36;0,665;0,43;0,102942;4;3;17908412504591;A;MASTER
GER603735101100;GER603735101100;FILME STRETCH MANUAL-4KG-(500X23 MICRAS);1;UN;INSUMOS;0,1;0,0001;0,00001;0,00001;0,000001;0;100;100;GER603735101100;A;UNIDADE
